RT,SERIALNO,DIVISION,PUMA,REGION,ST,ADJUST,WGTP,NP,TYPE,ACR,AGS,BDS,BLD,BUS,CONP,ELEP,FS,FULP,GASP,HFL,INSP,KIT,MHP,MRGI,MRGP,MRGT,MRGX,PLM,RMS,RNTM,RNTP,SMP,TEL,TEN,VACS,VAL,VEH,WATP,YBL,FES,FINCP,FPARC,GRNTP,GRPIP,HHL,HHT,HINCP,HUGCL,HUPAC,HUPAOC,HUPARC,LNGI,MV,NOC,NPF,NPP,NR,NRC,OCPIP,PARTNER,PSF,R18,R60,R65,RESMODE,SMOCP,SMX,SRNT,SVAL,TAXP,WIF,WKEXREL,WORKSTAT,FACRP,FAGSP,FBDSP,FBLDP,FBUSP,FCONP,FELEP,FFSP,FFULP,FGASP,FHFLP,FINSP,FKITP,FMHP,FMRGIP,FMRGP,FMRGTP,FMRGXP,FMVYP,FPLMP,FRMSP,FRNTMP,FRNTP,FSMP,FSMXHP,FSMXSP,FTAXP,FTELP,FTENP,FVACSP,FVALP,FVEHP,FWATP,FYBLP,wgtp1,wgtp2,wgtp3,wgtp4,wgtp5,wgtp6,wgtp7,wgtp8,wgtp9,wgtp10,wgtp11,wgtp12,wgtp13,wgtp14,wgtp15,wgtp16,wgtp17,wgtp18,wgtp19,wgtp20,wgtp21,wgtp22,wgtp23,wgtp24,wgtp25,wgtp26,wgtp27,wgtp28,wgtp29,wgtp30,wgtp31,wgtp32,wgtp33,wgtp34,wgtp35,wgtp36,wgtp37,wgtp38,wgtp39,wgtp40,wgtp41,wgtp42,wgtp43,wgtp44,wgtp45,wgtp46,wgtp47,wgtp48,wgtp49,wgtp50,wgtp51,wgtp52,wgtp53,wgtp54,wgtp55,wgtp56,wgtp57,wgtp58,wgtp59,wgtp60,wgtp61,wgtp62,wgtp63,wgtp64,wgtp65,wgtp66,wgtp67,wgtp68,wgtp69,wgtp70,wgtp71,wgtp72,wgtp73,wgtp74,wgtp75,wgtp76,wgtp77,wgtp78,wgtp79,wgtp80
H,186,8,00700,4,16,1015675,0089,04,1,1,,4,02,2,,180,00000,0002,003,3,0600,1,,1,01300,1,1,1,9,,,,1,1,,17,3,0840,5,2,00105600,2,,,1,1,00105600,0,2,2,2,1,4,02,04,0,0,02,018,0,0,1,0,0,1,01550,3,0,1,24,3,2,3,0,0,0,0,0,0,0,0,0,0,0,0,0,0,0,0,0,0,0,0,0,0,0,0,0,0,0,0,0,0,0,0,0,0,0087,0028,0156,0095,0026,0025,0095,0093,0093,0091,0087,0166,0090,0025,0153,0089,0148,0082,0025,0180,0090,0024,0140,0092,0025,0027,0086,0084,0087,0093,0090,0149,0091,0028,0143,0081,0144,0095,0027,0022,0090,0171,0027,0083,0153,0148,0092,0091,0091,0093,0090,0026,0094,0142,0024,0091,0029,0084,0148,0030,0093,0143,0024,0088,0147,0145,0091,0083,0083,0086,0081,0027,0093,0151,0028,0079,0025,0101,0157,0129
H,306,8,00700,4,16,1015675,0310,01,1,,,1,07,,,060,00000,0002,003,3,,1,,,,,,1,2,2,00600,,1,3,,,1,0001,3,,,,0660,023,1,4,00034000,0,4,4,4,1,3,00,,0,0,00,,0,0,0,0,0,2,,,1,0,,,,,0,0,0,0,0,0,0,0,0,0,0,0,0,0,0,0,0,0,0,0,0,0,0,0,0,0,0,0,0,0,0,0,0,1,0539,0363,0293,0422,0566,0289,0087,0242,0453,0453,0334,0358,0414,0102,0281,0099,0108,0278,0131,0407,0447,0264,0352,0238,0390,0336,0122,0374,0482,0468,0335,0251,0613,0104,0284,0116,0091,0326,0102,0361,0107,0253,0321,0289,0096,0343,0564,0274,0118,0118,0321,0261,0130,0463,0294,0479,0391,0307,0476,0283,0116,0353,0323,0374,0106,0236,0380,0313,0090,0094,0292,0401,0081,0494,0346,0496,0615,0286,0454,0260
H,395,8,00100,4,16,1015675,0106,02,1,1,,3,02,2,,070,00000,0002,030,1,0200,1,,,,,3,1,7,,,,1,2,,18,2,0050,5,7,00009400,2,,,1,3,00009400,0,2,2,2,1,2,01,02,0,0,01,023,0,0,1,0,0,1,00179,,0,1,16,1,13,13,0,0,0,0,0,0,0,0,0,0,0,0,0,0,0,0,0,0,0,0,0,0,0,0,0,0,0,0,0,0,0,0,0,0,0187,0035,0184,0178,0083,0095,0031,0032,0177,0118,0110,0114,0184,0107,0095,0115,0033,0118,0120,0037,0184,0035,0176,0176,0110,0103,0029,0030,0197,0127,0092,0118,0177,0099,0099,0109,0034,0100,0105,0033,0173,0036,0168,0175,0099,0103,0030,0035,0155,0102,0095,0107,0185,0120,0114,0113,0036,0115,0103,0029,0183,0035,0179,0169,0095,0110,0028,0034,0233,0097,0123,0119,0168,0107,0095,0101,0030,0124,0106,0031
H,506,8,00700,4,16,1015675,0240,04,1,1,,4,02,2,,040,00000,0002,080,1,0200,1,,1,00860,1,1,1,6,,,00400,1,1,,19,3,0500,2,1,00066000,1,,,1,1,00066000,0,1,1,1,1,3,02,04,0,0,02,026,0,0,1,0,0,2,01422,1,0,1,31,2,2,1,0,0,0,0,0,0,0,0,0,0,0,0,0,0,0,0,0,0,0,0,0,0,0,0,0,0,0,0,0,0,0,0,0,0,0232,0406,0234,0270,0249,0242,0406,0249,0287,0067,0072,0413,0399,0077,0245,0424,0067,0063,0226,0254,0238,0069,0238,0255,0239,0248,0069,0234,0247,0437,0423,0074,0061,0401,0267,0072,0388,0335,0229,0236,0239,0065,0259,0247,0230,0225,0082,0220,0233,0419,0390,0069,0074,0391,0276,0070,0422,0409,0223,0245,0269,0488,0221,0250,0247,0240,0415,0234,0219,0066,0068,0359,0385,0071,0234,0421,0076,0077,0242,0231
H,835,8,00800,4,16,1015675,0118,04,1,2,1,5,02,2,,250,00000,0002,003,3,0700,1,,1,01900,1,1,1,7,,,00650,1,1,,20,5,0002,3,1,00093000,2,,,1,1,00093000,0,2,2,2,1,1,01,04,0,0,01,036,0,0,1,0,0,1,02800,1,0,1,25,3,1,1,0,0,0,0,0,0,0,0,0,0,0,0,0,0,0,0,0,0,0,0,0,0,0,0,0,0,0,0,0,0,0,0,0,0,0107,0194,0129,0041,0156,0174,0047,0113,0101,0033,0115,0052,0113,0095,0135,0206,0100,0185,0135,0279,0116,0033,0105,0244,0038,0030,0230,0123,0123,0243,0120,0238,0098,0090,0107,0044,0122,0032,0127,0195,0116,0036,0135,0237,0033,0033,0249,0102,0084,0224,0119,0250,0119,0125,0126,0032,0112,0033,0131,0045,0101,0165,0125,0041,0191,0195,0049,0119,0092,0044,0127,0036,0119,0121,0116,0209,0097,0176,0144,0038
H,989,8,00700,4,16,1015675,0115,04,1,1,,3,02,2,,130,00000,0002,003,3,0250,1,,1,00700,1,1,1,6,,,00400,1,1,,15,2,1200,5,2,00061000,1,,,1,1,00061000,0,1,1,1,1,4,02,04,0,0,02,026,0,0,1,0,0,2,01330,2,0,1,07,1,7,3,0,0,0,0,0,0,0,0,0,0,0,1,0,0,0,0,0,0,0,0,0,0,0,0,0,0,1,0,0,0,0,0,1,0,0191,0197,0127,0115,0115,0107,0119,0034,0032,0030,0123,0199,0117,0033,0109,0117,0031,0115,0201,0190,0184,0198,0113,0109,0117,0111,0110,0033,0037,0036,0110,0183,0114,0035,0134,0119,0032,0121,0188,0033,0034,0032,0109,0115,0115,0112,0119,0192,0186,0213,0106,0034,0124,0179,0106,0107,0190,0112,0034,0035,0032,0034,0119,0123,0122,0121,0123,0196,0196,0207,0120,0034,0109,0199,0116,0110,0211,0120,0031,0189
H,1861,8,00700,4,16,1015675,0000,01,2,,,,,,,,00000,,,,,,,,,,,,,,,,,,,,,,,,,,,,,,,,,,,,5,,,,,,,,,,,,,,,,,,,,,,,,,,,,0,,,,,,,,,,,,,,,,,,,,,,,,,,,0000,0000,0000,0000,0000,0000,0000,0000,0000,0000,0000,0000,0000,0000,0000,0000,0000,0000,0000,0000,0000,0000,0000,0000,0000,0000,0000,0000,0000,0000,0000,0000,0000,0000,0000,0000,0000,0000,0000,0000,0000,0000,0000,0000,0000,0000,0000,0000,0000,0000,0000,0000,0000,0000,0000,0000,0000,0000,0000,0000,0000,0000,0000,0000,0000,0000,0000,0000,0000,0000,0000,0000,0000,0000,0000,0000,0000,0000,0000,0000
H,2120,8,00200,4,16,1015675,0035,01,1,1,,2,01,2,,040,00000,0480,003,4,,1,,,,,,1,4,,,,1,4,,,1,0650,5,,,,,,1,6,00010400,0,4,4,4,1,5,00,,0,0,00,,0,0,0,1,1,2,,,1,0,,,,,0,0,0,0,0,0,0,0,0,0,0,0,0,0,0,0,0,0,0,0,0,0,0,0,0,0,0,0,0,0,0,0,0,0,0030,0059,0037,0060,0034,0028,0034,0010,0041,0009,0039,0033,0012,0045,0059,0010,0011,0065,0033,0047,0029,0046,0045,0057,0030,0035,0030,0010,0046,0012,0039,0034,0010,0042,0067,0010,0010,0054,0033,0009,0034,0010,0035,0010,0043,0053,0034,0050,0041,0059,0036,0047,0058,0031,0009,0047,0064,0010,0034,0011,0036,0011,0034,0011,0033,0027,0032,0053,0026,0058,0040,0036,0055,0048,0010,0049,0040,0008,0040,0068
H,2278,8,00400,4,16,1015675,0047,02,1,1,,3,02,2,,002,00000,0002,003,3,0770,1,,1,00750,1,1,1,6,,,,1,1,,13,2,0660,3,2,00209000,4,,,1,1,00209000,0,4,4,4,1,1,00,02,0,0,00,005,0,0,0,1,1,1,00805,3,0,1,22,1,6,3,0,0,0,0,0,0,0,0,0,0,0,0,0,0,0,0,0,0,0,0,0,0,0,0,0,0,0,0,0,0,0,0,0,0,0092,0049,0017,0017,0017,0036,0050,0065,0050,0037,0081,0084,0096,0051,0012,0042,0089,0049,0052,0088,0013,0064,0072,0062,0088,0045,0039,0041,0042,0035,0017,0016,0015,0054,0099,0040,0010,0060,0043,0012,0076,0039,0012,0017,0018,0038,0041,0060,0046,0048,0079,0059,0064,0049,0015,0051,0103,0047,0045,0110,0010,0050,0075,0091,0100,0060,0057,0047,0046,0049,0014,0012,0013,0072,0123,0038,0010,0056,0045,0013
H,2428,8,00500,4,16,1015675,0051,02,1,1,,2,01,2,,020,00000,0002,140,1,0120,1,00220,,,,3,1,5,,,,1,2,,01,2,0002,5,,,,,,2,5,00035400,0,4,4,4,2,1,00,,0,1,00,007,0,0,0,0,0,1,00196,,0,0,04,,,,1,0,0,0,0,0,0,0,0,0,0,0,0,0,0,0,0,0,0,0,1,0,0,0,0,0,0,0,0,0,0,0,0,0,0015,0048,0050,0045,0049,0015,0047,0045,0075,0127,0015,0015,0087,0047,0013,0088,0083,0064,0071,0051,0098,0055,0050,0055,0041,0060,0048,0059,0022,0013,0069,0088,0017,0043,0125,0019,0018,0045,0045,0048,0018,0048,0063,0065,0051,0017,0047,0048,0076,0069,0013,0014,0085,0072,0016,0091,0110,0051,0045,0048,0063,0055,0057,0039,0060,0112,0066,0046,0018,0018,0089,0083,0011,0049,0082,0015,0010,0049,0057,0069
H,2677,8,00400,4,16,1015675,0114,02,1,1,,3,02,2,,050,00000,0002,050,1,0400,1,,1,00600,1,1,1,5,,,,1,1,,12,1,0420,9,7,00035000,2,,,1,3,00035000,0,2,2,2,1,4,01,02,0,0,01,025,0,0,1,0,0,1,00735,3,0,1,23,1,13,13,0,0,0,0,0,0,0,0,0,0,0,1,0,0,0,0,0,0,0,0,0,0,0,0,0,0,1,0,0,0,0,0,0,0,0235,0095,0034,0097,0167,0133,0126,0190,0127,0037,0025,0042,0134,0124,0117,0111,0109,0134,0196,0056,0166,0119,0030,0116,0171,0139,0115,0140,0130,0040,0044,0035,0086,0121,0125,0116,0103,0191,0147,0157,0029,0087,0216,0117,0034,0108,0118,0039,0128,0232,0186,0172,0131,0099,0094,0139,0131,0027,0033,0202,0027,0123,0228,0140,0032,0138,0118,0027,0143,0257,0198,0131,0087,0097,0093,0135,0140,0045,0036,0032
H,2928,8,00800,4,16,1015675,0051,02,1,1,,3,02,2,,100,00000,0002,003,3,0500,1,,,,,3,1,5,,,,1,2,,15,1,0002,5,2,00023000,4,,,1,1,00023000,0,4,4,4,1,6,00,02,0,0,00,009,0,0,0,1,0,1,00172,,0,1,09,2,5,3,0,0,0,0,0,0,0,0,0,1,0,0,0,0,0,0,0,0,1,0,0,0,0,0,0,0,0,0,0,0,0,0,0,0,0070,0061,0043,0012,0044,0052,0086,0081,0017,0014,0091,0049,0018,0099,0078,0054,0056,0015,0053,0052,0055,0050,0060,0096,0055,0047,0014,0014,0075,0098,0015,0043,0089,0019,0019,0053,0047,0069,0050,0055,0062,0049,0046,0013,0050,0052,0093,0092,0015,0014,0086,0054,0019,0093,0073,0056,0053,0015,0062,0051,0062,0062,0053,0078,0044,0055,0014,0013,0078,0073,0014,0048,0122,0017,0015,0050,0054,0078,0043,0046
H,3283,8,00400,4,16,1015675,0067,03,1,1,,2,02,2,,100,00000,0600,040,1,0500,1,,1,00550,1,1,1,5,,,00400,1,1,,12,5,0600,7,1,00084000,4,,,1,1,00084000,0,4,4,4,1,5,00,03,0,0,00,017,0,0,0,1,0,2,01190,2,0,1,14,3,1,1,0,0,0,0,0,0,0,0,0,0,0,0,0,0,0,0,0,0,0,0,0,0,0,0,0,0,0,0,0,0,0,0,0,0,0019,0067,0070,0061,0113,0070,0101,0064,0071,0093,0073,0025,0107,0107,0019,0080,0057,0022,0099,0021,0022,0071,0066,0074,0086,0055,0111,0062,0066,0131,0066,0014,0136,0129,0022,0061,0053,0020,0054,0135,0118,0101,0071,0052,0029,0076,0018,0110,0071,0018,0055,0087,0018,0015,0069,0057,0072,0112,0067,0105,0079,0081,0058,0058,0025,0090,0022,0080,0073,0016,0057,0133,0018,0020,0079,0056,0076,0170,0070,0022
H,3331,8,00600,4,16,1015675,0000,01,2,,,,,,,,00000,,,,,,,,,,,,,,,,,,,,,,,,,,,,,,,,,,,,5,,,,,,,,,,,,,,,,,,,,,,,,,,,,0,,,,,,,,,,,,,,,,,,,,,,,,,,,0000,0000,0000,0000,0000,0000,0000,0000,0000,0000,0000,0000,0000,0000,0000,0000,0000,0000,0000,0000,0000,0000,0000,0000,0000,0000,0000,0000,0000,0000,0000,0000,0000,0000,0000,0000,0000,0000,0000,0000,0000,0000,0000,0000,0000,0000,0000,0000,0000,0000,0000,0000,0000,0000,0000,0000,0000,0000,0000,0000,0000,0000,0000,0000,0000,0000,0000,0000,0000,0000,0000,0000,0000,0000,0000,0000,0000,0000,0000,0000
H,3341,8,00500,4,16,1015675,0092,01,1,1,,3,01,2,,060,00000,0002,250,1,,1,,,,,,1,6,,,,1,4,,,1,0220,3,,,,,,1,6,00013400,0,4,4,4,1,4,00,,0,0,00,,0,0,0,1,0,1,,,1,0,,,,,0,0,0,0,0,0,0,0,0,0,0,0,0,0,0,0,0,0,0,0,0,0,0,0,0,0,0,0,0,0,0,0,0,0,0099,0093,0029,0162,0096,0094,0087,0028,0136,0095,0084,0025,0092,0025,0027,0153,0145,0090,0088,0030,0100,0091,0159,0027,0101,0090,0095,0150,0028,0090,0096,0177,0091,0160,0146,0030,0028,0088,0092,0163,0096,0105,0028,0173,0078,0093,0089,0025,0143,0095,0095,0028,0088,0026,0025,0159,0154,0091,0091,0024,0091,0085,0140,0028,0092,0090,0089,0152,0029,0097,0100,0188,0089,0163,0170,0030,0027,0097,0093,0165
H,3827,8,00300,4,16,1015675,0051,02,1,1,,4,02,2,,150,00000,0002,003,3,0600,1,,1,01200,1,1,1,8,,,,2,1,,17,1,0050,3,7,00075000,2,,,1,3,00075000,0,2,2,2,1,2,01,02,0,0,01,022,0,0,1,0,0,1,01354,3,0,1,37,1,13,13,0,0,0,0,0,0,0,0,0,0,0,0,0,0,0,0,0,0,0,0,0,0,0,0,0,0,1,0,0,0,0,0,0,0,0049,0057,0089,0081,0087,0059,0011,0048,0080,0049,0045,0078,0048,0014,0011,0014,0049,0056,0053,0086,0046,0057,0013,0015,0013,0053,0079,0047,0018,0053,0060,0015,0053,0092,0072,0090,0051,0062,0046,0012,0052,0048,0096,0091,0079,0055,0015,0061,0072,0048,0053,0081,0043,0015,0014,0015,0055,0057,0051,0075,0055,0055,0014,0017,0018,0052,0092,0054,0013,0041,0050,0016,0057,0085,0081,0087,0054,0050,0049,0018
H,4331,8,00800,4,16,1015675,0071,03,1,2,1,5,02,2,,150,00000,0002,003,9,0650,1,,2,00760,2,1,1,9,,,00110,1,1,,15,4,0002,9,1,00065800,4,,,1,1,00065800,0,4,4,4,1,6,00,03,0,0,00,021,0,0,0,0,0,1,01146,2,0,1,19,3,2,1,0,0,0,0,0,0,0,0,0,0,0,1,0,0,0,0,0,0,0,0,0,0,0,1,0,0,0,0,0,0,0,0,0,0,0070,0106,0063,0103,0063,0020,0026,0065,0027,0139,0020,0125,0090,0104,0102,0062,0059,0063,0064,0062,0101,0075,0027,0114,0120,0101,0054,0023,0089,0057,0086,0077,0022,0076,0057,0106,0133,0027,0021,0081,0118,0091,0017,0127,0135,0079,0054,0018,0094,0073,0066,0071,0025,0061,0071,0124,0115,0031,0017,0023,0068,0113,0079,0084,0065,0021,0015,0056,0025,0141,0017,0155,0071,0133,0097,0058,0085,0070,0087,0026
H,4425,8,00400,4,16,1015675,0349,01,1,2,1,3,01,2,,020,00000,1200,003,4,0240,1,00000,2,00550,2,1,1,5,,,,1,1,,11,2,0002,5,,,,,,1,4,00024000,0,4,4,4,1,5,00,,0,0,00,037,0,0,0,0,0,2,00736,3,0,0,13,,,,0,0,0,0,0,0,0,0,0,0,0,0,0,0,0,0,0,0,0,0,0,0,0,0,0,0,0,0,0,0,0,0,0,0,0146,0349,0333,0144,0111,0089,0124,0478,0196,0388,0107,0256,0384,0282,0298,0108,0097,0323,0325,0332,0301,0651,0618,0283,0333,0381,0374,0519,0280,0457,0379,0514,0513,0679,0688,0364,0291,0555,0616,0451,0515,0328,0300,0535,0627,0604,0410,0309,0691,0423,0479,0398,0403,0288,0336,0526,0560,0382,0282,0375,0390,0118,0106,0286,0363,0405,0407,0152,0385,0103,0341,0118,0111,0143,0123,0318,0311,0092,0117,0165
H,4457,8,00900,4,16,1015675,0270,04,1,,,3,05,,,050,00000,0002,003,3,,1,,,,,,1,5,2,00580,,1,3,,,1,0001,3,7,00021400,3,0630,035,1,3,00021400,0,3,3,3,1,1,03,04,0,0,03,,0,0,1,0,0,2,,,1,0,,1,13,13,0,0,0,0,0,0,0,0,0,0,0,0,0,0,0,0,0,0,0,0,0,0,0,0,0,0,0,0,0,0,0,0,0,0,0411,0085,0266,0473,0117,0093,0260,0341,0372,0227,0243,0249,0278,0403,0260,0265,0085,0121,0407,0321,0095,0352,0251,0103,0470,0344,0227,0283,0075,0216,0263,0275,0292,0102,0285,0262,0366,0539,0100,0309,0401,0135,0260,0435,0080,0100,0290,0273,0407,0306,0266,0295,0219,0446,0270,0294,0097,0095,0409,0293,0109,0428,0319,0078,0345,0387,0246,0223,0072,0269,0225,0243,0247,0107,0325,0242,0402,0379,0100,0250
H,4551,8,00500,4,16,1015675,0083,03,1,1,,3,02,2,,080,00000,0002,060,1,,1,,,,,,1,5,2,00750,,1,3,,,4,0001,2,1,00060000,4,0890,018,1,1,00060000,0,4,4,4,1,1,00,03,0,0,00,,0,0,0,0,0,1,,,1,0,,3,5,1,0,0,0,0,0,0,0,0,0,0,0,0,0,0,0,0,0,0,0,0,0,0,0,0,0,0,0,0,0,0,0,0,0,0,0027,0023,0178,0093,0028,0142,0120,0082,0095,0025,0091,0079,0065,0081,0022,0085,0091,0134,0164,0094,0022,0024,0137,0076,0028,0156,0133,0083,0084,0025,0080,0079,0083,0087,0021,0071,0094,0131,0132,0091,0136,0167,0023,0080,0140,0026,0028,0112,0074,0122,0082,0080,0078,0085,0138,0068,0080,0025,0020,0071,0120,0133,0025,0088,0149,0026,0024,0091,0098,0137,0084,0091,0091,0076,0146,0099,0093,0023,0021,0089
H,4609,8,00600,4,16,1015675,0078,01,1,1,,3,02,2,,020,00000,0002,070,1,,1,,,,,,1,5,2,00500,,1,3,,,0,0300,3,,,,0615,038,1,6,00019300,0,4,4,4,1,4,00,,0,0,00,,0,0,0,1,1,1,,,1,0,,,,,0,0,0,0,0,0,0,0,0,0,0,0,0,0,0,0,0,0,0,0,0,0,0,0,0,0,0,0,0,0,0,0,0,0,0021,0022,0126,0076,0079,0025,0141,0083,0075,0156,0072,0082,0135,0080,0079,0068,0116,0024,0024,0073,0021,0021,0147,0078,0081,0020,0131,0083,0077,0147,0077,0084,0134,0073,0085,0072,0139,0021,0027,0090,0024,0025,0128,0082,0069,0020,0138,0070,0092,0115,0080,0075,0134,0083,0074,0075,0142,0019,0022,0086,0023,0025,0123,0078,0078,0023,0148,0075,0084,0128,0074,0083,0130,0084,0075,0081,0120,0023,0024,0072
H,4720,8,00200,4,16,1015675,0115,01,1,1,,1,01,2,,020,00000,0002,020,1,0140,1,02300,,,,3,1,4,,,,1,2,,01,2,0001,5,,,,,,1,4,00023600,0,4,4,4,1,3,00,,0,0,00,013,0,0,0,0,0,1,00250,,0,0,03,,,,0,0,0,0,0,0,0,0,0,0,0,0,0,0,0,0,0,0,0,0,0,0,0,0,0,0,0,0,0,0,0,0,0,0,0111,0040,0110,0195,0139,0129,0120,0178,0120,0224,0033,0098,0033,0122,0124,0107,0032,0032,0167,0117,0210,0113,0036,0098,0028,0031,0208,0103,0203,0119,0096,0220,0104,0171,0037,0034,0106,0115,0169,0184,0120,0031,0094,0162,0129,0156,0105,0223,0105,0184,0037,0090,0032,0141,0101,0093,0036,0028,0154,0075,0209,0153,0041,0094,0037,0044,0181,0124,0218,0139,0119,0172,0094,0191,0030,0037,0145,0114,0140,0197
H,5191,8,00600,4,16,1015675,0314,02,1,1,,3,02,2,,130,00000,0002,090,1,,1,,,,,,1,5,2,00850,,1,3,,,2,0360,1,,,,1100,026,1,5,00051200,0,4,4,4,1,1,00,,0,1,00,,0,0,0,0,0,2,,,1,0,,,,,0,0,0,0,0,0,0,0,0,0,0,0,0,0,0,0,0,0,0,0,0,0,0,0,0,0,0,0,0,0,0,0,0,0,0285,0605,0311,0359,0353,0080,0282,0103,0327,0339,0093,0347,0497,0111,0099,0562,0294,0287,0531,0585,0338,0487,0306,0352,0330,0088,0287,0075,0296,0357,0096,0356,0483,0097,0102,0481,0331,0261,0491,0091,0303,0086,0394,0285,0307,0552,0311,0459,0275,0339,0533,0276,0102,0528,0596,0088,0339,0329,0088,0092,0378,0104,0291,0314,0334,0516,0326,0496,0315,0273,0477,0280,0099,0509,0563,0104,0331,0343,0102,0478
H,5465,8,00100,4,16,1015675,0022,01,1,,,2,05,,,001,00900,0002,003,8,,1,,,,,,1,3,2,00300,,2,3,,,1,0001,9,,,,0300,005,1,4,00076000,0,4,4,4,1,3,00,,0,0,00,,0,0,0,0,0,1,,,1,0,,,,,0,0,0,0,0,0,0,0,0,0,0,0,0,0,0,0,0,0,0,0,0,0,0,0,0,0,0,0,0,0,0,0,0,0,0039,0029,0006,0027,0007,0022,0020,0007,0028,0005,0049,0034,0023,0018,0021,0007,0023,0037,0020,0022,0044,0037,0007,0025,0007,0023,0024,0007,0022,0007,0029,0034,0022,0018,0022,0006,0022,0037,0019,0022,0006,0007,0034,0022,0042,0022,0021,0042,0020,0033,0009,0007,0019,0020,0016,0034,0022,0007,0023,0020,0007,0007,0050,0027,0036,0022,0020,0037,0019,0040,0005,0007,0022,0022,0022,0038,0030,0005,0018,0024
H,5590,8,00100,4,16,1015675,0073,02,1,3,1,3,02,2,,130,00000,0002,003,6,2000,1,,,,,3,1,5,,,,1,2,,17,4,0002,9,4,00028100,4,,,1,1,00028100,0,4,4,4,1,7,00,02,0,0,00,016,0,0,0,2,2,1,00380,,0,0,22,0,9,9,0,0,0,0,0,0,0,0,0,0,0,0,0,0,0,0,0,0,0,0,0,0,0,0,0,0,0,0,0,0,0,0,0,0,0116,0132,0022,0131,0079,0069,0017,0019,0020,0074,0081,0104,0023,0101,0093,0062,0065,0072,0084,0124,0061,0068,0068,0074,0020,0115,0054,0060,0093,0021,0102,0073,0097,0022,0078,0027,0033,0134,0104,0074,0023,0015,0128,0022,0065,0073,0118,0135,0126,0077,0070,0022,0107,0063,0021,0071,0084,0059,0068,0019,0070,0079,0071,0090,0113,0020,0084,0097,0074,0124,0023,0064,0073,0124,0071,0128,0102,0024,0016,0070
H,5763,8,00800,4,16,1015675,0073,04,1,1,,4,02,2,,050,00000,0002,170,1,0250,1,,2,00190,2,1,1,9,,,,1,1,,13,6,0040,3,1,00078200,2,,,1,1,00078200,0,2,2,2,1,1,01,04,0,0,01,008,0,0,1,0,0,1,00502,3,0,1,18,3,4,1,0,0,0,0,0,0,0,0,0,0,0,0,0,0,0,0,0,0,0,0,0,0,0,0,0,0,1,0,0,0,1,0,0,0,0018,0103,0134,0028,0070,0122,0029,0024,0073,0068,0129,0096,0083,0063,0073,0110,0061,0066,0020,0075,0106,0023,0023,0129,0077,0024,0131,0134,0077,0073,0022,0085,0083,0060,0064,0028,0077,0095,0137,0069,0117,0025,0026,0154,0096,0024,0110,0113,0073,0070,0021,0074,0078,0074,0068,0024,0086,0094,0110,0087,0020,0097,0137,0028,0063,0117,0029,0020,0066,0088,0115,0086,0077,0068,0061,0120,0074,0070,0026,0079
H,5890,8,00800,4,16,1015675,0039,01,1,2,1,3,02,2,,060,00000,1000,003,4,,1,,,,,,1,5,2,00400,,1,3,,,1,0290,9,,,,0567,014,1,6,00050000,0,4,4,4,1,4,00,,0,0,00,,0,0,0,0,0,1,,,1,0,,,,,0,0,0,0,0,0,0,0,0,0,0,0,0,0,0,0,0,0,0,0,0,0,0,0,0,0,0,0,0,0,0,0,1,0,0012,0008,0068,0053,0013,0059,0062,0050,0049,0014,0039,0032,0045,0040,0010,0039,0036,0067,0060,0033,0010,0011,0066,0040,0010,0079,0059,0038,0060,0016,0036,0045,0056,0029,0012,0048,0039,0073,0060,0031,0010,0012,0075,0039,0012,0073,0063,0042,0044,0012,0042,0027,0041,0055,0012,0056,0046,0076,0062,0037,0010,0008,0079,0048,0010,0059,0082,0041,0057,0019,0038,0046,0038,0036,0012,0035,0046,0053,0072,0044
H,6517,8,00800,4,16,1015675,0063,01,1,2,1,2,01,2,,040,00000,0002,230,2,0000,1,00160,,,,3,1,4,,,,1,2,,08,2,0002,6,,,,,,1,4,00018000,0,4,4,4,1,7,00,,0,0,00,021,0,0,0,1,0,2,00308,,0,0,08,,,,0,0,0,0,0,0,0,0,0,0,0,0,0,1,0,0,0,0,0,0,0,0,0,0,0,0,0,0,0,0,0,0,0,0,0056,0018,0061,0102,0095,0102,0066,0059,0053,0056,0061,0022,0020,0016,0068,0105,0059,0017,0056,0025,0066,0101,0075,0022,0020,0017,0065,0055,0057,0081,0058,0106,0108,0100,0074,0022,0054,0080,0075,0023,0058,0106,0071,0022,0018,0019,0064,0046,0048,0058,0052,0110,0121,0088,0053,0024,0061,0092,0074,0108,0056,0019,0074,0104,0108,0132,0086,0056,0052,0063,0056,0023,0021,0019,0067,0121,0059,0019,0071,0102
H,6581,8,00300,4,16,1015675,0088,01,1,1,,3,02,2,,030,00000,0640,020,1,0340,1,,1,00840,1,1,1,5,,,,1,1,,15,2,0660,3,,,,,,1,4,00075000,0,4,4,4,1,5,00,,0,0,00,016,0,0,0,0,0,1,00998,3,0,1,22,,,,0,0,0,0,0,0,0,0,0,0,0,0,0,0,0,0,0,0,0,0,0,0,0,0,0,0,0,0,0,0,0,0,0,0,0112,0032,0059,0129,0137,0085,0093,0156,0130,0161,0039,0058,0027,0088,0073,0081,0023,0018,0134,0082,0029,0093,0109,0085,0144,0125,0027,0139,0026,0118,0104,0026,0151,0026,0183,0095,0065,0072,0094,0052,0131,0123,0073,0028,0091,0061,0087,0025,0134,0034,0167,0077,0130,0071,0096,0086,0151,0124,0024,0103,0181,0107,0024,0068,0030,0021,0135,0143,0182,0106,0081,0144,0092,0133,0044,0022,0066,0068,0096,0212
H,6789,8,00600,4,16,1015675,0321,02,1,1,,3,03,2,,060,00000,0002,020,1,,1,,,,,,1,5,2,00850,,1,3,,,2,0160,3,7,00059000,4,0943,019,1,3,00059000,0,4,4,4,1,2,00,02,0,0,00,,0,0,0,0,0,2,,,1,0,,2,13,13,0,0,0,0,0,0,0,0,0,0,0,0,0,0,0,0,0,0,0,0,0,0,0,0,0,0,0,0,0,0,0,0,0,0,0307,0330,0510,0103,0566,0302,0089,0100,0104,0352,0596,0104,0301,0323,0316,0314,0525,0479,0294,0352,0328,0333,0592,0098,0562,0317,0094,0088,0088,0365,0558,0104,0323,0299,0331,0289,0536,0489,0318,0327,0318,0281,0106,0551,0095,0319,0493,0501,0508,0334,0103,0463,0297,0366,0366,0328,0109,0098,0291,0314,0332,0381,0086,0520,0103,0311,0557,0467,0519,0287,0087,0564,0345,0337,0367,0326,0091,0099,0323,0291
H,7426,8,00300,4,16,1015675,0077,02,1,1,,2,02,2,,080,00000,2000,003,4,0380,1,,,,,3,1,5,,,,1,2,,08,1,0520,8,8,00021000,4,,,1,3,00021000,0,4,4,4,1,4,00,02,0,0,00,018,0,0,0,1,1,2,00323,,0,1,02,1,15,15,0,0,0,0,0,0,1,0,1,0,0,1,0,0,0,0,0,0,0,0,0,0,0,0,0,0,1,0,0,0,1,0,1,1,0092,0121,0065,0022,0096,0092,0022,0097,0144,0083,0084,0070,0065,0071,0084,0070,0029,0032,0029,0141,0090,0124,0067,0021,0069,0084,0029,0075,0110,0122,0135,0086,0100,0065,0051,0062,0027,0022,0023,0122,0081,0100,0064,0020,0055,0086,0023,0082,0181,0110,0180,0097,0074,0087,0072,0086,0024,0025,0028,0146,0076,0152,0117,0027,0082,0070,0021,0056,0104,0136,0127,0074,0077,0078,0074,0088,0021,0014,0020,0170
H,7706,8,00600,4,16,1015675,0105,01,1,1,,3,02,2,,020,00000,0002,110,1,0000,1,,,,,3,1,5,,,,1,2,,16,0,0490,4,,,,,,1,6,00025400,0,4,4,4,1,4,00,,0,0,00,013,0,0,0,1,1,1,00271,,0,1,24,,,,0,0,0,0,0,0,0,0,1,0,0,0,0,0,0,0,0,0,0,0,0,0,0,0,0,0,0,0,0,0,0,0,0,0,0104,0110,0030,0174,0104,0115,0116,0033,0191,0098,0103,0034,0102,0030,0035,0172,0169,0113,0105,0032,0111,0106,0173,0035,0103,0094,0103,0194,0030,0107,0108,0165,0094,0181,0182,0028,0030,0107,0110,0028,0109,0113,0184,0031,0099,0111,0101,0163,0036,0111,0102,0182,0101,0180,0160,0027,0036,0099,0110,0182,0113,0101,0029,0165,0100,0101,0109,0032,0206,0103,0099,0031,0111,0038,0031,0192,0162,0107,0126,0186
H,7935,8,00100,4,16,1015675,0015,03,1,2,1,5,02,2,,100,00000,0002,440,1,2600,1,,,,,3,1,9,,,,1,2,,22,2,0430,3,2,00263570,4,,,1,1,00263570,0,4,4,4,1,3,00,03,0,0,00,006,0,0,0,1,1,1,01251,,0,1,63,1,6,6,0,0,0,0,0,0,0,0,0,0,0,0,0,0,0,0,0,0,0,0,0,0,0,0,0,0,0,0,0,0,0,0,0,0,0005,0007,0007,0021,0006,0015,0003,0017,0013,0014,0015,0005,0003,0013,0015,0005,0015,0018,0005,0012,0015,0019,0019,0027,0018,0019,0017,0043,0024,0024,0030,0017,0017,0029,0027,0015,0027,0025,0015,0005,0005,0003,0005,0015,0005,0020,0003,0013,0014,0017,0015,0005,0005,0017,0017,0005,0013,0014,0005,0015,0021,0015,0013,0017,0015,0032,0015,0032,0025,0024,0034,0018,0019,0024,0031,0015,0030,0032,0015,0005
H,8107,8,00800,4,16,1015675,0126,05,1,,,3,05,,,060,00000,0002,003,3,0260,1,,2,00580,1,1,1,4,,,,1,1,,11,3,0060,7,1,00042000,2,,,2,1,00042000,0,2,2,2,1,3,02,05,0,0,03,019,0,0,1,0,0,1,00667,3,0,0,17,3,5,1,0,0,1,0,0,0,0,0,0,0,0,0,0,0,0,0,0,0,0,0,0,0,0,0,0,0,0,0,0,0,0,0,0,0,0200,0150,0197,0140,0109,0200,0141,0032,0140,0181,0049,0159,0136,0041,0128,0043,0099,0150,0135,0241,0038,0133,0030,0116,0173,0042,0102,0246,0038,0026,0202,0132,0128,0221,0146,0207,0116,0132,0131,0040,0203,0110,0262,0104,0099,0220,0134,0030,0242,0209,0039,0134,0115,0037,0148,0041,0200,0103,0100,0194,0030,0158,0041,0116,0149,0034,0123,0222,0051,0059,0219,0109,0128,0200,0117,0217,0115,0106,0121,0038
H,9597,8,00200,4,16,1015675,0113,02,1,1,,2,02,2,,040,00000,0880,003,4,0600,1,,1,00660,1,1,1,9,,,,1,1,,14,3,0900,9,2,00045304,4,,,1,1,00045304,0,4,4,4,1,3,00,02,0,0,00,022,0,0,0,0,0,1,00848,3,0,1,23,1,3,3,0,0,0,0,0,0,0,0,0,0,0,0,0,0,0,0,0,0,1,0,0,0,0,0,0,0,0,0,0,0,0,0,0,0,0120,0164,0229,0105,0180,0131,0093,0207,0113,0036,0207,0258,0025,0106,0110,0031,0122,0032,0100,0191,0139,0086,0031,0095,0026,0137,0114,0041,0104,0162,0025,0031,0166,0100,0135,0166,0146,0223,0107,0176,0108,0120,0037,0111,0037,0140,0093,0036,0118,0171,0040,0040,0131,0110,0115,0141,0130,0160,0094,0043,0144,0109,0172,0104,0171,0131,0125,0231,0099,0029,0133,0189,0033,0095,0145,0035,0124,0041,0101,0034
H,10517,8,00700,4,16,1015675,0025,02,1,3,1,2,02,1,,100,00000,0002,110,1,1800,1,,,,,3,1,6,,,,1,2,,19,4,0002,9,1,00144500,4,,,1,1,00144500,0,4,4,4,1,5,00,02,0,0,00,006,0,0,0,0,0,1,00777,,0,0,62,2,1,1,0,0,0,0,0,0,0,0,0,0,0,0,0,0,0,0,0,0,0,0,0,0,0,0,0,0,0,0,0,0,0,0,0,0,0026,0027,0025,0023,0037,0042,0008,0041,0023,0024,0008,0009,0007,0025,0028,0044,0007,0023,0040,0006,0040,0041,0008,0006,0026,0024,0026,0022,0041,0008,0025,0023,0023,0042,0008,0029,0027,0039,0027,0025,0026,0026,0026,0027,0006,0008,0041,0008,0022,0024,0039,0043,0041,0025,0024,0007,0040,0024,0007,0042,0008,0008,0048,0043,0026,0030,0024,0024,0006,0047,0023,0025,0027,0008,0040,0025,0026,0007,0023,0025
H,10579,8,00900,4,16,1015675,0058,02,1,1,,3,02,2,,040,00000,0600,003,5,0400,1,,1,00520,1,1,1,5,,,,1,1,,10,2,0500,8,1,00054000,4,,,1,1,00054000,0,4,4,4,1,1,00,02,0,0,00,014,0,0,0,0,0,2,00652,3,0,1,14,2,2,1,0,0,0,0,0,0,0,0,0,0,0,0,0,0,0,0,0,0,0,0,0,0,0,0,0,0,0,0,0,0,0,0,0,0,0070,0015,0085,0018,0038,0093,0092,0095,0048,0021,0122,0065,0048,0056,0068,0015,0016,0067,0050,0055,0048,0113,0023,0093,0080,0015,0016,0018,0061,0097,0013,0060,0068,0066,0062,0102,0099,0050,0055,0064,0059,0088,0016,0097,0070,0019,0015,0018,0062,0122,0018,0060,0063,0074,0057,0088,0087,0060,0063,0061,0052,0020,0084,0015,0058,0088,0099,0108,0056,0016,0106,0060,0061,0051,0053,0016,0013,0056,0054,0060
H,10717,8,00800,4,16,1015675,0087,02,1,1,,3,02,2,,080,00000,0002,003,3,,1,,,,,,1,6,,,,1,4,,,2,0002,9,4,00011300,4,,,1,1,00011300,0,4,4,4,1,7,00,02,0,0,00,,0,0,0,2,2,1,,,1,0,,0,9,9,0,0,0,0,0,0,0,0,0,1,0,0,0,0,0,0,0,0,0,0,0,0,0,0,0,0,0,0,0,0,0,0,0,0,0027,0076,0086,0091,0137,0106,0089,0027,0140,0022,0027,0072,0073,0132,0151,0025,0073,0079,0082,0018,0134,0078,0082,0104,0022,0103,0104,0149,0024,0140,0124,0092,0098,0029,0027,0159,0093,0120,0081,0159,0026,0097,0088,0081,0136,0088,0072,0023,0139,0029,0024,0077,0090,0143,0134,0024,0092,0095,0084,0027,0148,0101,0099,0072,0026,0082,0084,0154,0027,0153,0159,0069,0080,0025,0025,0144,0094,0080,0087,0144
H,11251,8,00300,4,16,1015675,0011,02,1,1,,3,02,2,,030,00000,1200,190,2,0500,1,,1,00280,2,1,1,8,,,,1,1,,14,3,0300,7,4,00040400,4,,,1,1,00040400,0,4,4,4,1,7,00,02,0,0,00,020,0,0,0,2,2,1,00673,3,0,1,13,0,9,9,0,0,0,0,0,0,0,0,0,0,0,0,0,0,1,0,0,0,0,0,0,0,0,0,0,0,0,0,0,0,0,0,0,0,0003,0003,0015,0010,0002,0016,0018,0012,0010,0003,0010,0010,0010,0017,0003,0010,0013,0016,0021,0012,0005,0001,0020,0011,0004,0020,0017,0011,0011,0003,0012,0011,0011,0008,0004,0010,0008,0018,0018,0013,0004,0004,0023,0010,0002,0016,0018,0008,0009,0004,0013,0013,0012,0007,0003,0012,0011,0018,0018,0012,0003,0003,0015,0012,0004,0018,0020,0013,0010,0002,0010,0010,0012,0013,0003,0013,0011,0019,0015,0015
H,11372,8,00700,4,16,1015675,0111,03,1,1,,4,02,2,,120,00000,0002,080,1,0380,1,,1,01200,1,1,1,8,,,00300,1,1,,18,2,0520,3,1,00187001,2,,,1,1,00187001,0,2,2,2,1,5,01,03,0,0,01,011,0,0,1,0,0,1,01743,1,0,1,29,2,2,1,0,0,0,0,0,0,0,0,0,0,0,0,0,0,0,0,0,0,0,0,0,0,0,0,0,0,0,0,0,0,0,0,0,0,0172,0174,0201,0114,0031,0111,0182,0113,0111,0208,0102,0031,0030,0033,0116,0110,0099,0106,0106,0183,0031,0032,0029,0107,0190,0105,0034,0107,0119,0033,0111,0191,0188,0191,0105,0108,0114,0127,0110,0030,0197,0209,0183,0106,0034,0110,0185,0104,0116,0195,0105,0035,0031,0032,0098,0103,0116,0108,0133,0190,0029,0029,0031,0111,0187,0107,0034,0111,0112,0031,0120,0201,0197,0175,0112,0102,0101,0119,0098,0032
H,11397,8,00900,4,16,1015675,0106,03,1,1,,4,02,2,,080,00000,0002,010,1,0450,1,,1,00370,1,1,1,6,,,,1,1,,11,2,0540,9,2,00028800,2,,,1,1,00028800,0,2,2,2,1,4,01,03,0,0,01,021,0,0,1,0,0,1,00505,3,0,1,11,1,8,3,0,0,0,0,0,0,0,0,1,0,0,0,0,0,0,0,0,0,0,0,0,0,0,0,0,0,0,0,0,0,0,0,0,0,0048,0095,0093,0107,0108,0084,0191,0168,0196,0116,0025,0101,0211,0104,0110,0186,0111,0029,0041,0232,0191,0103,0063,0086,0113,0086,0030,0041,0033,0125,0191,0108,0041,0095,0114,0030,0094,0181,0163,0187,0157,0101,0101,0125,0083,0086,0038,0035,0026,0106,0167,0128,0030,0085,0134,0031,0100,0186,0170,0031,0038,0142,0087,0089,0090,0106,0172,0206,0276,0126,0037,0106,0145,0101,0113,0188,0080,0035,0033,0032
H,11618,8,00900,4,16,1015675,0062,04,1,2,1,2,02,2,,100,00000,1000,250,4,,1,,,,,,1,4,2,00500,,1,3,,,2,0580,9,1,00042500,2,0981,028,1,1,00042500,0,2,2,2,1,5,02,04,0,0,02,,0,0,1,0,0,1,,,1,0,,2,2,1,0,0,0,0,0,0,0,0,0,0,0,0,0,0,0,0,0,0,0,0,0,0,0,0,0,0,0,0,0,0,0,0,0,0,0090,0127,0124,0052,0013,0057,0111,0070,0048,0118,0085,0015,0012,0018,0057,0061,0067,0071,0060,0022,0090,0079,0103,0059,0022,0065,0115,0076,0062,0117,0056,0015,0016,0022,0062,0053,0075,0070,0058,0126,0015,0017,0022,0048,0098,0091,0013,0045,0074,0024,0064,0162,0110,0102,0054,0039,0071,0080,0058,0118,0017,0013,0016,0059,0080,0058,0018,0064,0060,0018,0069,0090,0098,0110,0053,0056,0088,0076,0061,0022
H,11753,8,00300,4,16,1015675,0073,02,1,1,,2,03,2,,190,00000,0002,003,3,0350,1,,1,00240,1,1,1,4,,,,1,1,,08,1,0290,8,7,00024800,4,,,1,3,00024800,0,4,4,4,1,3,00,02,0,0,00,022,0,0,0,0,0,1,00454,3,0,1,08,1,14,13,0,0,0,0,0,0,0,0,0,0,0,0,0,0,1,1,1,0,1,0,0,0,0,1,0,0,0,0,0,0,0,0,0,0,0065,0099,0087,0075,0112,0072,0028,0120,0125,0057,0076,0107,0058,0028,0023,0028,0074,0090,0113,0027,0065,0101,0090,0081,0137,0129,0027,0145,0126,0056,0074,0096,0063,0024,0020,0035,0087,0086,0111,0187,0067,0060,0034,0030,0025,0087,0138,0068,0033,0122,0085,0028,0113,0084,0107,0070,0071,0084,0044,0120,0054,0039,0045,0032,0024,0105,0122,0055,0023,0093,0091,0040,0112,0088,0109,0102,0098,0083,0055,0022
H,11765,8,00900,4,16,1015675,0101,02,1,1,,3,02,2,,050,00000,0002,020,1,0470,1,,,,,3,1,5,,,,1,2,,12,1,0430,7,4,00021140,4,,,1,1,00021140,0,4,4,4,1,7,00,02,0,0,00,011,0,0,0,2,2,1,00190,,0,1,12,0,9,9,0,0,0,0,0,0,0,0,0,0,0,0,0,0,0,0,0,0,0,0,0,0,0,0,0,0,0,0,0,0,0,0,0,0,0138,0120,0202,0026,0082,0118,0114,0023,0123,0156,0093,0034,0029,0089,0105,0046,0192,0108,0175,0086,0035,0086,0029,0189,0111,0107,0105,0169,0091,0024,0112,0156,0160,0081,0108,0168,0028,0110,0033,0108,0034,0132,0031,0162,0078,0104,0097,0141,0104,0030,0093,0179,0162,0111,0087,0155,0033,0088,0035,0081,0189,0091,0180,0033,0116,0081,0093,0031,0111,0155,0099,0030,0047,0099,0119,0030,0124,0101,0173,0082
H,11994,8,00300,4,16,1015675,0110,03,1,3,2,5,02,2,,070,00000,0150,030,6,1100,1,,,,,3,1,9,,,,1,2,,20,3,0040,2,2,00060020,2,,,1,1,00060020,0,2,2,2,1,3,01,03,0,0,01,009,0,0,1,0,0,1,00475,,0,0,44,1,3,3,0,0,0,0,0,0,0,0,1,0,0,0,0,0,0,0,0,0,0,0,0,0,0,0,0,0,0,0,0,0,0,0,1,0,0153,0131,0033,0032,0110,0109,0096,0103,0126,0196,0129,0033,0159,0107,0179,0118,0035,0120,0030,0041,0032,0094,0158,0183,0095,0100,0114,0092,0128,0036,0101,0165,0030,0146,0026,0132,0173,0114,0216,0160,0236,0116,0033,0041,0116,0123,0099,0138,0096,0176,0109,0039,0162,0137,0185,0102,0037,0084,0025,0035,0031,0111,0186,0157,0104,0134,0104,0122,0101,0028,0114,0165,0038,0106,0032,0105,0175,0104,0156,0144
H,12073,8,00200,4,16,1015675,0124,00,1,3,,4,02,2,,,,,,,,1,,,,,,1,6,,,,,,5,,,,1,,,,,,,,,,,,,,,,,,,,,,,,,,2,,,0,0,,,,,0,0,0,0,0,0,0,0,0,0,0,0,0,0,0,0,0,0,0,0,0,0,0,0,0,0,0,0,0,0,0,0,0,0,0176,0120,0039,0045,0050,0124,0105,0132,0139,0156,0190,0227,0206,0119,0045,0162,0257,0127,0100,0031,0198,0102,0036,0042,0035,0104,0119,0107,0132,0118,0208,0196,0183,0110,0040,0123,0189,0116,0124,0052,0185,0123,0039,0037,0048,0144,0152,0141,0120,0125,0204,0245,0228,0136,0038,0121,0235,0137,0116,0030,0207,0096,0031,0043,0032,0108,0088,0100,0120,0123,0237,0175,0217,0109,0035,0146,0206,0136,0121,0047
H,12360,8,00800,4,16,1015675,0063,01,1,1,,3,02,2,,020,00000,0002,003,1,0520,1,,,,,3,1,7,,,,1,2,,08,1,0002,9,,,,,,1,6,00008690,0,4,4,4,1,7,00,,0,0,00,009,0,0,0,1,1,1,00064,,0,1,02,,,,0,0,0,0,0,0,0,0,0,0,0,0,0,0,0,0,0,0,0,0,0,0,0,0,0,0,0,0,0,0,0,0,0,0,0065,0055,0059,0017,0061,0056,0116,0108,0018,0021,0097,0059,0017,0108,0111,0059,0074,0015,0067,0062,0060,0058,0068,0020,0056,0059,0121,0107,0021,0019,0098,0053,0018,0112,0110,0068,0067,0019,0074,0071,0063,0065,0061,0096,0056,0067,0019,0018,0107,0104,0017,0061,0100,0018,0018,0071,0056,0097,0072,0076,0060,0071,0055,0111,0065,0056,0020,0023,0100,0118,0017,0081,0103,0020,0020,0049,0074,0100,0055,0068
H,12669,8,00300,4,16,1015675,0052,04,1,1,,4,02,2,,100,00000,0002,003,3,0560,1,,,,,3,1,7,,,,1,2,,12,4,0150,5,1,00070000,2,,,1,1,00070000,0,2,2,2,1,4,01,04,0,0,01,004,0,0,1,0,0,2,00228,,0,1,18,3,1,1,0,0,0,0,0,0,0,0,0,0,0,1,0,0,0,0,0,0,0,0,0,0,0,0,0,0,1,0,0,0,0,0,0,0,0072,0045,0048,0090,0054,0095,0054,0051,0062,0013,0050,0016,0049,0048,0013,0048,0092,0015,0015,0081,0088,0056,0044,0095,0048,0078,0051,0040,0056,0013,0061,0015,0058,0060,0013,0059,0107,0016,0016,0018,0013,0046,0051,0013,0055,0014,0051,0062,0046,0101,0049,0085,0056,0056,0091,0051,0013,0099,0095,0014,0016,0053,0048,0016,0057,0015,0047,0053,0057,0080,0049,0084,0056,0051,0095,0045,0015,0068,0088,0090
H,12934,8,00300,4,16,1015675,0023,01,1,2,1,4,02,2,,070,00000,0002,003,4,,1,,,,,,1,8,,,,1,4,,,1,0780,8,,,,,,1,6,00013100,0,4,4,4,1,7,00,,0,0,00,,0,0,0,1,1,2,,,1,0,,,,,0,0,0,0,0,0,0,0,0,0,0,0,0,0,0,0,0,0,0,0,0,0,0,0,0,0,0,0,0,0,0,0,0,0,0038,0023,0018,0009,0008,0036,0042,0004,0024,0038,0006,0008,0024,0016,0041,0028,0018,0018,0021,0019,0049,0024,0031,0006,0007,0046,0041,0006,0018,0041,0005,0005,0018,0021,0045,0026,0018,0019,0025,0026,0006,0023,0032,0045,0038,0009,0008,0036,0021,0005,0034,0033,0022,0018,0007,0028,0021,0025,0025,0028,0005,0020,0020,0035,0032,0007,0008,0035,0016,0007,0035,0035,0022,0023,0012,0026,0016,0019,0021,0024
H,13453,8,00700,4,16,1015675,0072,02,1,2,1,1,02,2,,090,00000,0002,003,3,,1,,,,,,1,3,2,00400,,1,3,,,1,0002,5,,,,0490,024,1,7,00025000,0,4,4,4,1,1,00,,0,1,00,,3,0,0,0,0,1,,,1,0,,,,,0,0,0,0,0,0,0,0,0,0,0,0,0,0,0,0,0,0,0,0,0,0,0,0,0,0,0,0,0,0,0,0,0,0,0088,0021,0020,0024,0020,0077,0021,0076,0024,0080,0071,0073,0068,0018,0023,0074,0065,0019,0063,0071,0125,0077,0079,0076,0077,0128,0080,0136,0073,0136,0115,0132,0119,0062,0073,0128,0110,0060,0139,0126,0071,0108,0138,0130,0126,0063,0116,0076,0122,0074,0076,0067,0068,0128,0132,0068,0075,0138,0073,0072,0019,0078,0066,0068,0081,0024,0080,0020,0077,0020,0022,0021,0024,0077,0074,0021,0020,0079,0020,0022
H,13553,8,00100,4,16,1015675,0135,01,1,3,1,3,01,2,,050,00000,0002,003,6,0190,1,00000,,,,3,1,4,,,,1,2,,06,2,0420,5,,,,,,1,4,00020000,0,4,4,4,1,5,00,,0,0,00,009,0,0,0,0,0,2,00151,,0,0,14,,,,0,0,0,0,0,0,0,0,0,0,0,0,0,0,0,0,0,0,0,0,0,0,0,0,0,0,0,0,0,0,0,0,0,0,0226,0042,0044,0122,0122,0253,0155,0122,0149,0137,0223,0127,0137,0039,0040,0229,0243,0040,0137,0134,0040,0192,0236,0125,0149,0036,0131,0141,0145,0148,0041,0149,0150,0279,0220,0041,0041,0224,0140,0117,0044,0243,0222,0126,0124,0046,0158,0118,0159,0123,0034,0136,0148,0249,0218,0044,0044,0226,0153,0155,0208,0038,0040,0142,0122,0196,0134,0160,0132,0129,0258,0146,0169,0044,0038,0226,0224,0041,0118,0121
H,13723,8,00800,4,16,1015675,0101,02,1,2,2,2,02,2,,200,00000,0002,003,3,0640,1,,2,00600,1,1,1,4,,,00110,1,1,,15,3,0002,7,1,00065000,4,,,1,1,00065000,0,4,4,4,1,4,00,02,0,0,00,018,0,0,0,0,0,2,00963,4,0,1,11,2,1,1,0,1,0,0,0,0,0,0,0,0,0,1,0,0,0,0,0,0,0,0,0,0,0,1,0,0,1,0,0,0,1,0,0,0,0100,0071,0116,0144,0075,0026,0040,0028,0125,0192,0120,0037,0088,0103,0032,0076,0164,0144,0166,0113,0106,0117,0086,0084,0115,0032,0022,0039,0127,0136,0103,0028,0129,0109,0030,0109,0156,0294,0160,0023,0085,0140,0127,0079,0119,0234,0129,0157,0129,0029,0107,0144,0090,0130,0159,0101,0042,0050,0028,0035,0111,0076,0089,0116,0087,0115,0155,0200,0107,0039,0095,0196,0129,0084,0131,0082,0031,0027,0031,0185
H,14109,8,00600,4,16,1015675,0102,01,1,,,1,09,,,080,00900,0002,003,3,,1,,,,,,1,3,2,00140,,1,3,,,0,0001,5,,,,0220,037,1,4,00007200,0,4,4,4,1,3,00,,0,0,00,,0,0,0,0,0,1,,,1,0,,,,,0,0,0,0,0,0,0,0,0,0,0,0,0,0,0,0,0,0,0,0,0,0,0,0,0,0,0,0,0,0,0,0,0,0,0096,0178,0033,0101,0028,0030,0096,0031,0174,0109,0100,0097,0175,0117,0033,0105,0163,0169,0091,0106,0100,0030,0164,0100,0185,0168,0103,0157,0030,0107,0105,0111,0032,0107,0175,0100,0032,0033,0106,0105,0101,0032,0174,0096,0189,0194,0104,0175,0031,0096,0099,0112,0027,0100,0177,0099,0032,0032,0117,0104,0091,0168,0029,0099,0032,0032,0113,0030,0175,0109,0108,0106,0173,0096,0034,0105,0155,0176,0104,0112
H,14465,8,00600,4,16,1015675,0083,02,1,1,,3,02,2,,130,00000,0400,003,8,1000,1,,1,00850,1,1,1,6,,,00240,1,1,,17,3,0240,5,1,00074000,4,,,1,1,00074000,0,4,4,4,1,4,00,02,0,0,00,021,0,0,0,0,0,1,01273,2,0,1,26,2,4,1,0,0,0,0,0,0,0,0,0,0,0,0,0,0,0,0,0,0,0,0,0,0,0,0,0,0,0,0,0,0,0,0,0,0,0080,0024,0086,0088,0023,0087,0147,0023,0025,0137,0084,0091,0149,0085,0137,0080,0085,0081,0023,0025,0082,0147,0079,0084,0144,0085,0024,0145,0146,0024,0084,0081,0025,0084,0026,0092,0079,0082,0132,0134,0078,0024,0085,0084,0024,0081,0160,0025,0026,0141,0078,0088,0143,0084,0147,0089,0082,0084,0026,0027,0089,0144,0079,0084,0133,0082,0023,0136,0141,0025,0089,0082,0023,0086,0024,0073,0088,0087,0142,0133
H,14631,8,00500,4,16,1015675,0018,01,1,1,,3,02,2,,100,00000,0810,003,6,0430,1,,,,,3,1,5,,,,1,2,,13,2,0540,7,,,,,,1,6,00012800,0,4,4,4,1,7,00,,0,0,00,030,0,0,0,0,0,1,00320,,0,1,19,,,,0,0,0,0,0,0,0,0,0,1,0,0,0,0,0,0,0,0,0,0,1,0,0,0,0,0,0,0,0,0,0,0,0,0,0031,0018,0007,0018,0017,0015,0006,0018,0004,0032,0020,0028,0018,0020,0018,0031,0030,0005,0018,0018,0018,0007,0016,0005,0006,0028,0020,0029,0018,0018,0030,0021,0029,0005,0005,0020,0017,0018,0027,0035,0007,0018,0033,0019,0015,0018,0029,0020,0028,0005,0017,0005,0015,0016,0018,0007,0005,0031,0017,0018,0018,0028,0020,0031,0031,0005,0021,0005,0018,0018,0005,0021,0005,0031,0031,0019,0018,0018,0005,0005
H,14899,8,00800,4,16,1015675,0034,02,1,1,,3,02,2,,030,00000,0002,040,1,0590,1,,1,00890,1,1,1,6,,,,1,1,,10,4,0500,9,1,00059300,4,,,1,1,00059300,0,4,4,4,1,5,00,02,0,0,00,020,0,0,0,0,0,2,01002,3,0,1,22,2,2,1,0,0,0,0,0,0,1,0,0,0,0,1,0,0,0,0,0,0,0,0,0,0,0,0,0,0,1,0,0,0,1,0,0,0,0009,0010,0050,0033,0008,0051,0076,0032,0026,0010,0027,0037,0033,0037,0012,0031,0046,0078,0061,0023,0059,0052,0010,0069,0057,0007,0012,0041,0029,0043,0026,0038,0037,0046,0060,0021,0030,0016,0014,0034,0008,0011,0068,0033,0011,0071,0060,0029,0029,0006,0026,0041,0034,0031,0010,0037,0052,0063,0062,0043,0041,0041,0012,0051,0053,0008,0014,0032,0022,0044,0030,0032,0037,0034,0060,0043,0041,0013,0012,0034
H,15054,8,00800,4,16,1015675,0066,00,1,1,,2,03,2,,,,,,,,1,,,,,,1,3,,,,,,5,,,,5,,,,,,,,,,,,,,,,,,,,,,,,,,2,,,0,0,,,,,0,0,0,0,0,0,0,0,0,0,0,0,0,0,0,0,0,0,0,0,0,0,0,0,0,0,0,0,0,0,0,0,0,0,0071,0017,0120,0068,0067,0068,0121,0064,0021,0064,0116,0099,0064,0077,0122,0019,0068,0017,0022,0067,0084,0019,0103,0075,0065,0066,0150,0070,0020,0070,0098,0097,0068,0060,0128,0021,0063,0022,0020,0070,0064,0106,0018,0065,0068,0072,0020,0061,0137,0066,0018,0019,0065,0062,0023,0114,0060,0096,0111,0063,0078,0132,0022,0081,0069,0075,0024,0090,0116,0061,0022,0020,0063,0065,0019,0124,0060,0109,0102,0072
H,15142,8,00600,4,16,1015675,0000,01,2,,,,,,,,00000,,,,,,,,,,,,,,,,,,,,,,,,,,,,,,,,,,,,5,,,,,,,,,,,,,,,,,,,,,,,,,,,,0,,,,,,,,,,,,,,,,,,,,,,,,,,,0000,0000,0000,0000,0000,0000,0000,0000,0000,0000,0000,0000,0000,0000,0000,0000,0000,0000,0000,0000,0000,0000,0000,0000,0000,0000,0000,0000,0000,0000,0000,0000,0000,0000,0000,0000,0000,0000,0000,0000,0000,0000,0000,0000,0000,0000,0000,0000,0000,0000,0000,0000,0000,0000,0000,0000,0000,0000,0000,0000,0000,0000,0000,0000,0000,0000,0000,0000,0000,0000,0000,0000,0000,0000,0000,0000,0000,0000,0000,0000
H,15287,8,00700,4,16,1015675,0075,02,1,2,3,4,02,2,,180,00000,0960,003,3,1300,1,,,,,3,1,8,,,,1,2,,21,2,0002,5,3,00113100,4,,,1,1,00113100,0,4,4,4,1,5,00,02,0,0,00,007,0,0,0,2,2,1,00685,,0,1,50,1,8,7,0,0,0,0,0,0,0,0,1,0,0,0,0,0,0,0,0,0,0,0,0,0,0,0,0,0,0,0,0,0,0,0,0,0,0111,0022,0070,0067,0078,0020,0080,0151,0076,0025,0025,0080,0070,0021,0129,0074,0118,0115,0076,0083,0111,0025,0088,0065,0071,0022,0085,0134,0083,0025,0022,0076,0071,0020,0123,0073,0139,0138,0072,0074,0022,0130,0075,0084,0081,0136,0086,0025,0078,0141,0121,0072,0077,0131,0021,0066,0024,0026,0073,0070,0021,0114,0074,0077,0069,0125,0070,0022,0077,0126,0127,0074,0087,0133,0022,0070,0022,0023,0070,0076
H,15425,8,00700,4,16,1015675,0114,04,1,1,,3,02,2,,050,00000,0002,050,1,0250,1,,1,00600,1,1,1,8,,,,1,1,,17,3,0400,2,1,00078000,2,,,1,1,00078000,1,2,2,2,1,4,01,04,0,0,01,011,0,0,1,1,1,1,00733,3,0,1,23,2,1,1,0,0,0,0,0,0,0,0,0,0,0,1,0,0,0,0,0,0,0,0,0,0,0,0,0,0,1,0,0,0,0,0,0,0,0110,0201,0107,0122,0192,0105,0202,0036,0035,0115,0112,0114,0185,0115,0036,0120,0033,0031,0187,0132,0108,0197,0118,0121,0188,0110,0197,0034,0032,0115,0125,0116,0186,0109,0031,0105,0035,0035,0183,0110,0114,0031,0113,0107,0037,0112,0031,0202,0174,0117,0110,0114,0035,0123,0201,0109,0197,0181,0034,0113,0115,0033,0120,0120,0033,0117,0032,0181,0195,0116,0101,0112,0037,0115,0204,0115,0187,0199,0036,0107
H,15537,8,00900,4,16,1015675,0078,06,1,1,,3,02,2,,120,00000,0002,030,1,0800,1,,2,00830,2,1,1,5,,,,1,1,,14,2,0002,8,2,00030000,3,,,1,1,00030000,0,3,3,3,1,2,04,06,0,0,04,044,0,0,1,0,0,1,01089,3,0,1,12,1,3,3,0,0,0,0,0,0,0,0,0,0,0,0,0,0,0,0,0,0,0,0,1,0,0,0,0,0,0,0,0,0,0,0,0,0,0026,0080,0069,0022,0030,0023,0027,0085,0026,0072,0023,0076,0090,0085,0068,0021,0024,0072,0093,0098,0072,0113,0072,0078,0100,0057,0076,0142,0087,0142,0089,0180,0162,0147,0123,0063,0064,0127,0129,0025,0025,0064,0080,0039,0019,0022,0026,0075,0023,0085,0018,0083,0073,0075,0082,0028,0021,0076,0095,0077,0077,0163,0118,0080,0065,0088,0065,0126,0126,0183,0089,0123,0095,0113,0145,0077,0064,0137,0121,0028
H,15656,8,00100,4,16,1015675,0039,01,1,,,2,06,,,010,00000,0002,001,1,,1,,,,,,1,4,2,00500,,1,3,,,1,0001,9,,,,0510,034,1,6,00017800,0,4,4,4,1,5,00,,0,0,00,,0,0,0,1,1,1,,,1,0,,,,,0,0,0,0,0,0,0,0,0,0,0,0,0,0,0,0,0,0,0,0,0,0,0,0,0,0,0,0,0,0,0,0,0,0,0068,0052,0014,0035,0031,0044,0012,0033,0012,0062,0033,0048,0038,0034,0030,0070,0057,0012,0041,0037,0044,0078,0036,0059,0077,0015,0044,0012,0041,0035,0010,0043,0010,0079,0072,0038,0044,0037,0013,0057,0012,0037,0067,0034,0045,0049,0063,0033,0066,0012,0040,0012,0037,0042,0041,0012,0012,0067,0048,0037,0056,0012,0034,0008,0010,0070,0041,0053,0042,0039,0063,0035,0055,0012,0010,0035,0043,0033,0072,0010
H,16170,8,00500,4,16,1015675,0073,01,1,1,,4,02,2,,040,00000,0002,020,1,0600,1,,1,00850,1,1,1,7,,,00180,1,1,,18,1,0480,1,,,,,,1,4,00026310,0,4,4,4,1,1,00,,0,0,00,052,0,0,0,0,0,1,01130,2,0,1,18,,,,0,0,0,0,0,0,0,0,0,0,0,0,0,0,0,0,0,0,0,0,0,0,0,0,0,0,0,0,0,0,0,0,0,0,0020,0022,0021,0084,0076,0067,0079,0071,0130,0135,0134,0073,0024,0073,0124,0068,0070,0136,0065,0120,0126,0105,0124,0073,0076,0069,0089,0066,0022,0023,0020,0077,0103,0076,0021,0076,0096,0020,0079,0020,0020,0020,0023,0075,0078,0080,0077,0068,0114,0124,0116,0070,0023,0074,0110,0068,0070,0133,0081,0143,0132,0124,0145,0067,0063,0077,0064,0092,0021,0023,0022,0069,0132,0073,0024,0084,0065,0022,0088,0023
H,16173,8,00300,4,16,1015675,0027,02,1,1,,3,02,2,,050,00000,0800,100,2,0200,1,,1,00430,1,1,1,5,,,,1,1,,09,1,0830,7,2,00025000,4,,,1,1,00025000,0,4,4,4,1,1,00,02,0,0,00,034,0,0,0,1,0,1,00716,3,0,1,10,1,3,3,0,0,0,0,0,0,0,0,0,0,0,0,0,0,0,0,0,0,0,0,0,0,0,0,0,0,0,0,0,0,0,0,0,0,0047,0032,0009,0010,0009,0029,0035,0034,0031,0028,0055,0055,0041,0031,0010,0034,0052,0029,0032,0010,0042,0031,0008,0010,0008,0023,0028,0027,0026,0026,0049,0037,0048,0031,0010,0032,0041,0029,0022,0055,0006,0028,0055,0067,0044,0030,0038,0033,0024,0019,0011,0006,0008,0028,0051,0036,0010,0035,0026,0047,0008,0022,0055,0056,0043,0026,0032,0036,0026,0024,0008,0010,0010,0031,0042,0028,0009,0024,0025,0008
H,16338,8,00200,4,16,1015675,0049,01,1,1,,2,01,2,,002,00000,0700,003,4,0080,1,00000,,,,3,1,4,,,,1,2,,01,1,0001,5,,,,,,1,4,00015600,0,4,4,4,1,5,00,,0,0,00,005,0,0,0,1,1,1,00065,,0,0,01,,,,0,0,0,0,0,0,0,0,0,0,0,0,0,0,0,0,0,0,0,0,0,0,0,0,0,0,0,0,0,0,0,0,0,0,0060,0022,0016,0062,0009,0054,0074,0075,0048,0066,0055,0054,0046,0050,0013,0064,0053,0019,0066,0084,0038,0048,0061,0082,0047,0017,0075,0049,0074,0044,0011,0035,0018,0083,0049,0017,0012,0065,0063,0066,0012,0097,0093,0047,0094,0060,0054,0016,0045,0017,0043,0008,0037,0048,0104,0040,0041,0083,0013,0015,0054,0050,0048,0014,0084,0119,0016,0046,0019,0046,0070,0045,0093,0017,0058,0058,0055,0041,0039,0052
H,16705,8,00600,4,16,1015675,0107,01,1,1,,2,01,2,,050,00000,0002,040,1,0000,1,03900,,,,3,1,4,,,,1,2,,03,1,0001,5,,,,,,1,4,00007000,0,4,4,4,1,4,00,,0,0,00,072,0,0,0,0,0,1,00422,,0,0,03,,,,0,0,0,0,0,0,0,0,0,0,0,0,0,0,0,0,0,0,0,0,0,0,0,0,0,0,0,0,0,0,0,0,0,0,0032,0115,0113,0186,0096,0111,0111,0102,0182,0099,0109,0034,0032,0184,0180,0032,0104,0178,0030,0101,0031,0105,0108,0189,0112,0114,0110,0097,0177,0121,0107,0032,0034,0190,0189,0037,0112,0175,0031,0111,0178,0111,0110,0034,0103,0113,0113,0108,0029,0101,0106,0186,0164,0033,0033,0188,0108,0031,0180,0106,0168,0109,0112,0031,0110,0122,0107,0106,0032,0115,0104,0189,0188,0030,0032,0191,0108,0031,0189,0110
H,16739,8,00100,4,16,1015675,0076,05,1,1,,3,02,2,,150,01800,0002,003,6,0410,1,,2,00500,2,1,1,5,,,,1,1,,16,3,0600,3,8,00008500,2,,,1,3,00159600,0,2,2,2,1,3,01,02,0,1,01,006,3,0,1,2,1,2,00834,3,0,1,24,1,14,15,0,0,0,0,0,0,0,0,0,0,0,1,0,0,0,0,0,0,0,0,0,0,0,0,0,0,1,0,0,0,0,0,0,0,0101,0120,0073,0069,0020,0073,0086,0076,0078,0024,0076,0069,0151,0141,0021,0020,0137,0077,0021,0087,0022,0024,0096,0069,0114,0072,0068,0076,0083,0118,0078,0077,0024,0024,0132,0128,0022,0073,0120,0071,0029,0022,0079,0071,0131,0088,0086,0074,0079,0136,0072,0071,0022,0020,0118,0123,0024,0064,0109,0064,0118,0133,0069,0079,0022,0057,0083,0096,0070,0020,0074,0079,0121,0151,0024,0024,0132,0071,0019,0075
H,17229,8,00500,4,16,1015675,0100,05,1,1,,3,02,2,,040,06000,0002,040,1,0300,1,,2,00350,2,1,1,6,,,,1,1,,15,2,0680,2,7,00025700,3,,,1,3,00025700,0,3,3,3,1,3,03,05,0,0,03,030,0,0,1,0,0,1,00637,3,0,1,27,2,14,13,0,0,0,0,0,0,0,0,0,0,0,0,0,0,0,0,0,0,0,0,0,0,0,0,0,0,0,0,0,0,0,0,0,0,0105,0084,0168,0119,0113,0027,0033,0189,0160,0032,0096,0184,0033,0030,0094,0087,0164,0097,0109,0094,0102,0090,0177,0104,0120,0034,0030,0146,0174,0037,0090,0189,0031,0028,0100,0095,0146,0108,0103,0113,0100,0100,0154,0093,0103,0029,0030,0194,0174,0027,0103,0182,0033,0029,0110,0120,0179,0094,0090,0106,0135,0102,0177,0094,0083,0031,0038,0176,0145,0028,0110,0169,0030,0027,0126,0093,0157,0085,0103,0102
H,17605,8,00400,4,16,1015675,0068,02,1,1,,4,02,2,,410,00000,0002,003,3,0620,1,,,,,3,1,8,,,,1,2,,18,2,0600,6,4,00034400,4,,,1,1,00034400,0,4,4,4,1,5,00,02,0,0,00,025,0,0,0,2,2,2,00720,,0,1,37,0,9,9,0,0,0,0,0,0,0,0,1,0,0,1,0,0,0,0,0,0,0,0,0,0,0,0,0,0,0,0,0,0,0,0,1,0,0024,0020,0019,0064,0057,0059,0057,0050,0118,0094,0080,0048,0026,0122,0144,0065,0070,0144,0078,0152,0093,0088,0119,0059,0069,0066,0051,0062,0021,0020,0024,0060,0106,0107,0027,0059,0071,0026,0075,0111,0093,0103,0095,0062,0075,0069,0072,0072,0017,0019,0015,0060,0118,0098,0022,0060,0064,0022,0070,0019,0015,0024,0019,0057,0097,0069,0061,0078,0134,0150,0132,0089,0019,0089,0122,0049,0063,0140,0065,0027
H,17795,8,00600,4,16,1015675,0000,01,2,,,,,,,,00000,,,,,,,,,,,,,,,,,,,,,,,,,,,,,,,,,,,,5,,,,,,,,,,,,,,,,,,,,,,,,,,,,0,,,,,,,,,,,,,,,,,,,,,,,,,,,0000,0000,0000,0000,0000,0000,0000,0000,0000,0000,0000,0000,0000,0000,0000,0000,0000,0000,0000,0000,0000,0000,0000,0000,0000,0000,0000,0000,0000,0000,0000,0000,0000,0000,0000,0000,0000,0000,0000,0000,0000,0000,0000,0000,0000,0000,0000,0000,0000,0000,0000,0000,0000,0000,0000,0000,0000,0000,0000,0000,0000,0000,0000,0000,0000,0000,0000,0000,0000,0000,0000,0000,0000,0000,0000,0000,0000,0000,0000,0000
H,18219,8,00800,4,16,1015675,0044,02,1,1,,1,02,2,,100,00000,0002,060,8,0380,1,,,,,3,1,5,,,,1,2,,08,1,0002,9,8,00069200,4,,,1,3,00069200,0,4,4,4,1,4,00,02,0,0,00,003,0,0,0,1,1,2,00193,,0,1,02,1,15,15,0,0,0,0,0,0,0,0,0,0,0,0,0,0,0,0,0,0,0,0,0,0,0,0,0,0,0,0,0,0,0,0,0,0,0065,0068,0095,0047,0050,0078,0037,0014,0068,0063,0012,0043,0038,0010,0034,0015,0032,0036,0053,0072,0012,0045,0015,0039,0049,0015,0042,0070,0012,0019,0069,0041,0046,0070,0040,0066,0040,0046,0055,0051,0013,0046,0014,0056,0054,0010,0041,0081,0010,0012,0092,0033,0040,0079,0035,0069,0041,0040,0043,0012,0074,0037,0075,0065,0048,0075,0048,0014,0055,0094,0012,0038,0043,0016,0057,0016,0045,0051,0054,0012
H,18407,8,00800,4,16,1015675,0010,03,1,1,,1,02,2,,110,02300,0120,010,1,,1,,,,,,1,3,,,,2,4,,,1,0220,8,8,00000080,1,,,1,3,00001080,0,1,1,1,1,1,01,02,0,1,01,,3,0,1,0,0,1,,,1,0,,0,15,15,0,0,0,0,0,0,0,0,0,0,0,0,0,0,0,0,0,0,0,0,0,0,0,0,0,0,0,0,0,0,0,0,0,0,0015,0003,0008,0009,0002,0008,0015,0020,0019,0014,0010,0014,0011,0010,0004,0002,0003,0008,0016,0016,0011,0004,0015,0015,0003,0011,0016,0017,0019,0005,0009,0016,0013,0014,0004,0003,0004,0009,0015,0003,0012,0012,0010,0012,0016,0012,0003,0002,0003,0006,0008,0012,0011,0016,0020,0018,0020,0012,0006,0005,0008,0024,0007,0009,0022,0009,0002,0004,0003,0011,0015,0012,0008,0012,0021,0021,0024,0010,0004,0035
H,18795,8,00900,4,16,1015675,0070,02,1,1,,3,02,2,,030,00000,0002,030,1,0500,1,,,,,3,1,6,,,,2,2,,14,2,0500,9,5,00090000,4,,,1,2,00090000,0,4,4,4,1,4,00,02,0,0,00,003,0,0,0,0,0,1,00227,,0,1,22,2,10,10,0,0,0,0,0,0,0,0,0,0,0,0,0,0,0,0,0,0,0,0,0,0,0,0,0,0,0,0,0,0,0,0,0,0,0139,0062,0064,0075,0112,0068,0017,0065,0083,0119,0080,0061,0106,0020,0070,0022,0023,0067,0018,0094,0022,0058,0074,0092,0020,0070,0133,0073,0023,0019,0061,0086,0023,0130,0074,0114,0124,0058,0102,0081,0024,0069,0071,0066,0027,0080,0094,0064,0018,0020,0077,0060,0024,0135,0069,0110,0095,0084,0122,0069,0113,0074,0051,0088,0124,0064,0022,0080,0115,0108,0079,0060,0134,0027,0059,0019,0018,0063,0016,0077
H,18947,8,00400,4,16,1015675,0090,02,1,2,2,4,02,2,,050,00000,0400,200,2,0660,1,,2,00750,2,1,1,6,,,,1,1,,20,3,0002,2,4,00035400,4,,,1,1,00035400,0,4,4,4,1,4,00,02,0,0,00,042,0,0,0,2,0,1,01230,3,0,1,29,0,9,9,0,0,0,0,0,0,0,0,0,0,0,0,0,0,0,0,0,0,0,0,0,0,0,0,0,0,0,0,0,0,0,0,0,0,0090,0086,0168,0175,0172,0079,0022,0075,0155,0076,0104,0128,0097,0029,0022,0025,0089,0083,0093,0173,0097,0102,0026,0024,0023,0091,0191,0084,0024,0108,0096,0026,0089,0172,0160,0156,0095,0092,0085,0030,0089,0075,0133,0161,0155,0078,0028,0102,0162,0096,0131,0130,0081,0028,0021,0028,0088,0085,0105,0150,0091,0096,0027,0023,0030,0115,0144,0073,0031,0121,0089,0025,0085,0119,0144,0149,0093,0107,0083,0027
H,19260,8,00200,4,16,1015675,0082,04,1,1,,3,02,2,,120,00000,0300,003,3,0300,1,,1,00740,1,1,1,6,,,,1,1,,14,1,0200,2,8,00041000,2,,,1,3,00041000,0,3,3,3,1,2,03,04,0,0,03,026,0,0,1,0,0,1,00902,3,0,1,26,1,14,15,0,0,0,0,0,0,0,0,1,1,0,1,0,0,0,0,0,0,0,0,0,0,0,0,0,0,0,0,0,0,0,0,0,0,0208,0170,0061,0138,0068,0089,0026,0056,0022,0087,0023,0078,0102,0166,0080,0074,0117,0024,0028,0024,0077,0084,0024,0087,0128,0029,0055,0033,0111,0103,0148,0127,0022,0083,0115,0169,0062,0127,0079,0079,0024,0036,0080,0027,0084,0087,0102,0055,0200,0085,0111,0088,0059,0025,0091,0101,0031,0137,0170,0163,0062,0099,0122,0085,0022,0148,0101,0130,0055,0030,0098,0024,0177,0074,0021,0022,0056,0112,0071,0076
H,20178,8,00300,4,16,1015675,0033,04,1,2,1,3,01,2,,090,00000,0002,003,3,0300,1,00300,1,00700,1,1,1,6,,,,1,1,,13,2,0002,1,2,00036450,1,,,2,1,00036450,0,1,1,1,1,2,02,04,0,0,02,027,0,0,1,0,0,1,00815,3,0,0,12,2,2,3,0,0,0,0,0,0,0,0,0,0,0,0,0,0,0,0,0,0,0,0,0,0,0,0,0,0,0,0,0,0,0,0,0,0,0031,0012,0035,0050,0043,0054,0034,0033,0038,0029,0048,0008,0011,0010,0027,0065,0041,0013,0031,0058,0041,0018,0034,0045,0057,0056,0033,0033,0034,0033,0031,0011,0008,0007,0043,0064,0037,0008,0029,0010,0031,0039,0037,0012,0011,0010,0032,0038,0040,0046,0031,0066,0053,0058,0036,0009,0031,0037,0033,0011,0036,0057,0042,0010,0010,0013,0035,0030,0050,0036,0028,0062,0073,0057,0027,0008,0024,0048,0040,0055
H,20256,8,00900,4,16,1015675,0063,00,1,2,,3,01,2,,,,,,,,1,,,,,,1,6,,,,,,6,,,,4,,,,,,,,,,,,,,,,,,,,,,,,,,2,,,0,0,,,,,1,0,1,0,1,0,0,0,0,0,0,0,1,0,0,0,0,0,0,1,1,0,0,0,0,0,0,0,0,0,0,0,0,1,0079,0019,0016,0021,0048,0108,0063,0023,0056,0068,0019,0053,0099,0101,0103,0066,0066,0075,0056,0119,0061,0016,0017,0016,0059,0112,0060,0022,0065,0062,0018,0053,0094,0099,0103,0067,0058,0060,0053,0017,0053,0103,0113,0103,0051,0021,0074,0132,0049,0056,0094,0058,0020,0025,0018,0072,0063,0057,0051,0017,0056,0113,0121,0100,0059,0020,0083,0107,0061,0061,0099,0055,0019,0022,0013,0064,0067,0061,0065,0108
H,20380,8,00600,4,16,1015675,0369,01,1,,,0,09,,,002,00000,0002,003,9,,2,,,,,,2,1,1,00430,,2,3,,,0,0002,3,,,,0430,101,1,4,00001900,0,4,4,4,1,4,00,,0,0,00,,0,0,0,0,0,2,,,1,0,,,,,0,0,0,0,0,0,0,0,0,0,0,0,0,0,0,0,0,0,0,0,0,0,0,0,0,0,0,0,0,0,0,0,0,0,0110,0654,0113,0339,0338,0683,0639,0632,0362,0348,0113,0635,0356,0110,0424,0369,0378,0394,0098,0110,0387,0371,0336,0652,0106,0345,0333,0352,0607,0119,0365,0370,0603,0378,0626,0632,0108,0116,0372,0328,0586,0114,0684,0352,0361,0113,0116,0102,0381,0395,0618,0112,0373,0617,0355,0371,0431,0364,0629,0650,0349,0352,0367,0099,0572,0364,0426,0384,0111,0630,0349,0350,0113,0390,0108,0113,0602,0624,0380,0418
H,20733,8,00300,4,16,1015675,0112,00,1,1,,2,01,2,,,,,,,,1,,,,,,1,4,,,,,,5,,,,4,,,,,,,,,,,,,,,,,,,,,,,,,,2,,,0,0,,,,,0,0,1,0,0,0,0,0,0,0,0,0,0,0,0,0,0,0,0,0,1,0,0,0,0,0,0,0,0,0,0,0,0,0,0033,0177,0159,0033,0126,0173,0026,0033,0108,0101,0221,0138,0140,0111,0096,0232,0120,0108,0035,0078,0042,0180,0177,0028,0133,0238,0035,0030,0139,0117,0176,0135,0099,0110,0111,0145,0121,0100,0037,0094,0030,0186,0155,0036,0096,0148,0028,0035,0112,0120,0216,0113,0111,0117,0121,0228,0110,0138,0036,0101,0041,0168,0178,0029,0118,0200,0032,0035,0121,0141,0185,0118,0129,0109,0126,0177,0118,0111,0037,0130
H,20816,8,00600,4,16,1015675,0102,01,1,1,,2,03,2,0070,020,00000,0002,020,1,0160,1,,2,00490,2,1,1,4,,,,1,1,,15,1,0350,3,,,,,,1,6,00019500,0,4,4,4,1,4,00,,0,0,00,045,0,0,0,1,0,1,00739,3,0,1,23,,,,0,0,0,0,0,0,0,0,0,0,0,0,0,0,0,0,0,0,0,0,0,0,0,0,0,0,0,0,0,0,0,0,0,0,0029,0183,0030,0104,0084,0182,0181,0157,0100,0093,0032,0174,0097,0027,0097,0107,0102,0100,0029,0162,0099,0098,0104,0030,0165,0111,0106,0097,0030,0183,0096,0107,0028,0107,0033,0032,0191,0161,0105,0112,0166,0029,0177,0110,0101,0031,0027,0030,0097,0096,0167,0031,0090,0168,0104,0100,0093,0101,0173,0028,0095,0101,0111,0174,0029,0112,0096,0097,0180,0031,0096,0106,0181,0103,0166,0180,0030,0030,0104,0099
H,20865,8,00200,4,16,1015675,0034,02,1,1,,2,02,2,,040,00000,0700,100,4,0400,1,,2,00230,2,1,1,7,,,,1,1,,08,3,0060,8,2,00034400,4,,,1,1,00034400,0,4,4,4,1,5,00,02,0,0,00,018,0,0,0,2,2,1,00504,3,0,1,11,1,7,3,0,0,0,0,0,0,0,0,0,0,0,0,0,0,0,0,0,0,0,0,0,0,0,0,0,0,0,0,0,0,0,0,0,0,0059,0037,0013,0042,0074,0041,0027,0058,0039,0010,0008,0010,0029,0037,0034,0035,0045,0061,0059,0011,0051,0032,0011,0042,0061,0041,0042,0057,0039,0011,0010,0010,0033,0034,0035,0034,0027,0050,0056,0055,0008,0034,0074,0040,0009,0035,0050,0012,0031,0066,0057,0059,0034,0040,0039,0039,0038,0006,0008,0044,0008,0031,0055,0038,0012,0036,0038,0014,0034,0048,0067,0040,0032,0042,0035,0041,0030,0012,0011,0010
H,20983,8,00800,4,16,1015675,0076,01,1,1,,3,02,2,,020,00000,0002,130,1,0230,1,,1,00750,1,1,1,5,,,,1,1,,14,1,0030,2,,,,,,1,6,00041300,0,4,4,4,1,3,00,,0,0,00,026,0,0,0,0,0,1,00903,3,0,1,21,,,,0,0,0,0,0,0,0,0,0,0,0,0,0,0,0,0,0,0,0,0,0,0,0,0,0,0,0,0,0,0,0,0,0,0,0022,0111,0068,0023,0084,0075,0079,0149,0019,0124,0020,0112,0081,0069,0078,0022,0070,0151,0077,0117,0085,0087,0026,0070,0105,0153,0122,0082,0085,0087,0092,0072,0025,0022,0020,0098,0129,0071,0024,0021,0074,0078,0126,0077,0025,0024,0025,0074,0066,0065,0067,0062,0136,0120,0128,0068,0020,0082,0122,0079,0114,0024,0082,0150,0070,0077,0082,0026,0153,0019,0127,0026,0082,0074,0076,0139,0077,0029,0082,0069
H,21091,8,00100,4,16,1015675,0253,02,1,1,,4,02,2,,070,00000,0002,003,3,0500,1,,2,01000,2,1,1,6,,,,1,1,,19,3,0190,6,1,00065000,4,,,1,1,00065000,0,4,4,4,1,5,00,02,0,0,00,023,0,0,0,0,0,2,01220,3,0,1,23,2,2,1,0,0,0,0,0,0,0,0,0,0,0,0,0,0,0,0,0,0,0,0,0,0,0,0,0,0,0,0,0,0,0,0,0,0,0237,0258,0071,0374,0251,0233,0248,0083,0429,0246,0288,0088,0247,0100,0076,0429,0387,0229,0291,0457,0217,0225,0067,0345,0266,0249,0253,0072,0461,0263,0238,0093,0269,0081,0072,0421,0458,0244,0285,0085,0218,0252,0449,0083,0266,0257,0214,0430,0084,0261,0237,0419,0242,0418,0354,0076,0072,0251,0267,0076,0270,0237,0430,0076,0260,0253,0212,0395,0076,0278,0250,0453,0284,0452,0452,0082,0068,0254,0283,0420
H,21352,8,00100,4,16,1015675,0172,05,1,1,,4,02,2,,050,00000,0002,100,1,,1,,,,,,1,8,2,00880,,1,3,,,2,0050,2,5,00020000,3,1034,026,1,2,00047000,0,3,3,3,1,2,03,04,0,1,03,,2,0,1,0,0,1,,,1,0,,1,11,10,0,0,0,0,0,0,0,0,1,0,0,0,0,0,0,0,0,0,0,0,0,0,0,0,0,0,0,0,0,0,0,0,0,0,0270,0294,0158,0299,0191,0198,0043,0218,0049,0178,0048,0165,0136,0317,0191,0180,0268,0044,0048,0047,0168,0204,0051,0157,0290,0052,0195,0048,0220,0316,0154,0303,0054,0166,0317,0249,0210,0173,0152,0168,0047,0060,0163,0052,0178,0161,0309,0174,0304,0180,0298,0220,0212,0045,0135,0152,0066,0246,0225,0306,0176,0180,0328,0161,0051,0313,0173,0309,0150,0051,0179,0052,0279,0165,0056,0049,0181,0170,0165,0177
H,21447,8,00300,4,16,1015675,0027,00,1,1,,3,01,2,,,,,,,,1,,,,,,1,6,,,,,,5,,,,7,,,,,,,,,,,,,,,,,,,,,,,,,,2,,,0,0,,,,,0,0,0,0,0,0,0,0,0,0,0,0,0,0,0,0,0,0,0,0,0,0,0,0,0,0,0,0,0,0,0,0,0,0,0048,0012,0028,0038,0010,0008,0022,0025,0047,0031,0026,0028,0025,0042,0033,0032,0010,0009,0048,0036,0007,0039,0022,0008,0041,0044,0022,0022,0009,0026,0028,0025,0029,0009,0023,0034,0052,0042,0007,0023,0045,0009,0026,0037,0006,0007,0024,0026,0054,0026,0025,0032,0028,0047,0031,0031,0008,0010,0049,0028,0007,0042,0028,0008,0045,0048,0028,0023,0006,0028,0028,0030,0030,0008,0029,0027,0050,0042,0007,0021
H,21570,8,00400,4,16,1015675,0000,01,3,,,,,,,,00000,,,,,,,,,,,,,,,,,,,,,,,,,,,,,,,,,,,,5,,,,,,,,,,,,,,,,,,,,,,,,,,,,0,,,,,,,,,,,,,,,,,,,,,,,,,,,0000,0000,0000,0000,0000,0000,0000,0000,0000,0000,0000,0000,0000,0000,0000,0000,0000,0000,0000,0000,0000,0000,0000,0000,0000,0000,0000,0000,0000,0000,0000,0000,0000,0000,0000,0000,0000,0000,0000,0000,0000,0000,0000,0000,0000,0000,0000,0000,0000,0000,0000,0000,0000,0000,0000,0000,0000,0000,0000,0000,0000,0000,0000,0000,0000,0000,0000,0000,0000,0000,0000,0000,0000,0000,0000,0000,0000,0000,0000,0000
H,21746,8,00900,4,16,1015675,0044,02,1,1,,3,02,2,,050,00000,0002,070,1,0200,1,,2,00230,2,1,1,5,,,,1,1,,09,1,0660,5,1,00045000,4,,,1,1,00045000,0,4,4,4,1,7,00,02,0,0,00,012,0,0,0,1,0,2,00459,3,0,1,10,2,1,1,0,0,0,0,0,0,0,0,0,0,0,0,0,0,0,0,0,0,0,0,0,0,0,0,0,0,0,0,0,0,0,0,0,0,0082,0041,0043,0080,0037,0010,0064,0065,0010,0040,0041,0014,0054,0011,0037,0036,0041,0071,0038,0052,0013,0051,0044,0013,0041,0061,0011,0012,0066,0046,0041,0073,0046,0071,0058,0048,0036,0014,0042,0013,0065,0050,0046,0080,0039,0012,0077,0069,0012,0051,0045,0012,0034,0010,0052,0038,0041,0082,0032,0086,0016,0036,0043,0012,0045,0093,0013,0013,0066,0036,0040,0078,0049,0075,0042,0041,0036,0010,0048,0017
H,21763,8,00600,4,16,1015675,0106,02,1,,,2,05,,,020,00000,0002,020,1,,1,,,,,,1,4,2,00550,,1,3,,,2,0001,4,,,,0590,010,1,7,00073200,0,4,4,4,1,3,00,,0,1,00,,3,0,0,2,1,1,,,1,0,,,,,0,0,0,0,0,0,0,0,0,0,0,0,0,0,0,0,0,0,0,0,0,0,0,0,0,0,0,0,0,0,0,0,0,0,0034,0100,0028,0117,0033,0027,0034,0029,0111,0099,0035,0028,0114,0032,0030,0109,0110,0096,0112,0172,0110,0191,0120,0184,0113,0108,0122,0108,0198,0193,0097,0101,0179,0100,0115,0196,0221,0183,0168,0104,0180,0104,0176,0126,0179,0180,0187,0196,0110,0120,0178,0171,0106,0218,0195,0122,0104,0104,0105,0029,0112,0031,0111,0031,0101,0096,0094,0098,0033,0033,0109,0109,0033,0127,0121,0032,0032,0028,0034,0105
H,21847,8,00900,4,16,1015675,0063,01,1,1,,2,02,2,,200,00000,0002,003,3,0380,1,,,,,3,1,4,,,,2,2,,08,3,0420,8,,,,,,1,4,00015800,0,4,4,4,1,3,00,,0,0,00,021,0,0,0,0,0,2,00281,,0,1,05,,,,0,0,0,0,0,0,0,0,0,0,0,1,0,0,0,0,0,0,0,0,0,0,0,0,0,0,1,0,0,0,0,0,0,1,0055,0016,0089,0096,0026,0057,0048,0018,0051,0022,0070,0048,0083,0091,0050,0124,0068,0078,0105,0017,0045,0018,0134,0130,0024,0073,0068,0020,0065,0018,0071,0064,0071,0121,0047,0131,0056,0045,0131,0018,0080,0014,0080,0110,0021,0066,0055,0015,0055,0021,0068,0066,0063,0098,0077,0085,0049,0063,0104,0022,0043,0019,0111,0118,0023,0054,0070,0021,0063,0018,0063,0073,0066,0098,0060,0102,0060,0064,0100,0017
H,22364,8,00500,4,16,1015675,0062,03,1,2,1,3,02,2,,170,00000,0002,003,3,0600,1,,1,00640,1,1,1,6,,,,1,1,,18,4,0002,3,2,00025000,1,,,1,1,00025000,0,1,1,1,1,5,01,03,0,0,01,039,0,0,1,0,0,2,00810,3,0,1,22,1,3,3,0,0,0,0,0,0,0,0,0,0,0,1,0,0,0,0,0,0,0,0,0,0,0,0,0,0,1,0,0,0,0,0,0,0,0104,0016,0113,0129,0066,0059,0016,0016,0100,0070,0066,0070,0096,0064,0058,0069,0018,0066,0081,0107,0017,0105,0019,0016,0064,0062,0103,0109,0020,0071,0058,0065,0016,0060,0065,0061,0115,0051,0060,0018,0095,0022,0094,0100,0064,0066,0019,0021,0118,0054,0064,0058,0093,0062,0066,0065,0020,0068,0056,0108,0016,0121,0019,0018,0065,0057,0114,0096,0022,0052,0058,0062,0020,0060,0062,0079,0116,0057,0056,0018
H,22405,8,00100,4,16,1015675,0129,02,1,2,1,3,01,2,,030,00000,0002,003,3,0370,1,00000,1,00700,1,1,1,7,,,,1,1,,17,4,0180,2,2,00035000,4,,,1,1,00035000,0,4,4,4,1,3,00,02,0,0,00,026,0,0,0,0,0,1,00745,3,0,0,24,1,3,3,0,0,0,0,0,0,0,0,1,1,0,0,0,1,0,0,0,0,0,0,0,0,0,0,0,0,0,0,0,0,0,0,0,0,0234,0122,0143,0199,0119,0043,0052,0039,0150,0124,0098,0124,0116,0175,0252,0185,0124,0040,0135,0230,0042,0150,0158,0040,0092,0199,0229,0212,0129,0121,0132,0102,0107,0039,0034,0035,0142,0209,0133,0040,0212,0143,0159,0196,0129,0048,0042,0032,0134,0132,0107,0125,0115,0188,0197,0206,0167,0042,0143,0277,0040,0094,0129,0037,0112,0216,0163,0205,0130,0118,0133,0099,0133,0037,0041,0039,0133,0263,0129,0037
H,22808,8,00600,4,16,1015675,0110,01,1,1,,2,02,2,,050,00000,0002,004,1,0210,1,,,,,3,1,4,,,,1,2,,09,1,0300,9,,,,,,1,4,00026000,0,4,4,4,1,7,00,,0,0,00,009,0,0,0,1,0,1,00187,,0,1,22,,,,0,0,0,0,0,0,0,0,0,0,0,0,0,0,0,0,0,0,0,0,0,0,0,0,0,0,0,0,0,0,0,0,0,1,0105,0034,0110,0109,0031,0103,0186,0197,0182,0111,0104,0117,0112,0126,0036,0032,0029,0101,0175,0204,0104,0031,0113,0117,0031,0105,0182,0178,0174,0125,0110,0116,0124,0116,0031,0031,0033,0119,0198,0032,0113,0194,0108,0110,0194,0122,0034,0032,0030,0111,0106,0109,0109,0112,0202,0207,0216,0108,0032,0031,0112,0188,0103,0109,0181,0112,0037,0029,0030,0106,0104,0107,0110,0108,0197,0194,0178,0109,0032,0185
H,22996,8,00700,4,16,1015675,0132,02,1,1,,2,02,1,,040,00000,0002,140,1,1000,1,,2,00460,2,1,1,5,,,,1,1,,18,2,0540,9,,,,,,1,5,00033420,0,4,4,4,1,5,00,,0,1,00,033,2,0,0,1,1,1,00911,3,0,0,29,,,,0,0,0,0,0,0,0,0,0,0,0,0,0,0,0,0,0,0,0,0,0,0,0,0,0,0,0,0,0,0,0,0,0,0,0122,0119,0116,0037,0113,0119,0232,0228,0040,0044,0248,0126,0034,0212,0243,0143,0138,0042,0128,0124,0137,0115,0122,0037,0130,0133,0236,0217,0045,0042,0234,0145,0038,0237,0230,0115,0134,0045,0151,0140,0148,0160,0131,0036,0133,0121,0228,0201,0039,0036,0220,0136,0048,0229,0209,0159,0140,0040,0136,0129,0129,0144,0149,0037,0130,0116,0214,0223,0033,0036,0202,0138,0040,0198,0200,0136,0138,0041,0129,0127
H,23050,8,00400,4,16,1015675,0137,02,1,2,1,3,02,2,,040,00000,0002,003,6,0400,1,,1,00720,1,1,1,5,,,,1,1,,17,3,0002,3,5,00036600,2,,,1,2,00036600,0,2,2,2,1,3,01,02,0,0,01,025,0,0,1,0,0,1,00760,3,0,1,01,2,10,10,0,0,0,0,0,0,0,0,0,0,0,1,0,0,0,0,0,0,0,0,0,0,0,0,0,0,0,0,0,0,0,0,0,0,0128,0046,0223,0197,0120,0130,0161,0041,0167,0257,0122,0223,0221,0048,0157,0044,0136,0145,0041,0136,0141,0039,0184,0171,0118,0143,0156,0042,0130,0234,0119,0152,0212,0039,0139,0042,0139,0151,0039,0157,0153,0046,0189,0191,0137,0140,0111,0038,0139,0176,0150,0247,0239,0052,0126,0047,0158,0106,0037,0132,0175,0048,0163,0297,0139,0101,0199,0051,0128,0232,0137,0228,0251,0042,0132,0035,0112,0130,0040,0214
H,23103,8,00300,4,16,1015675,0062,02,1,1,,3,01,1,,060,00000,0300,003,3,,1,,,,,,1,6,2,00200,,1,3,,,2,0002,5,7,00045800,4,0285,007,1,3,00045800,0,4,4,4,1,1,00,02,0,0,00,,0,0,0,1,0,1,,,1,0,,2,13,13,0,0,0,0,0,0,0,0,0,1,0,0,0,0,0,0,0,0,0,0,0,0,0,0,0,0,0,0,0,0,0,0,1,0,0066,0076,0056,0018,0020,0018,0063,0114,0067,0021,0070,0075,0018,0058,0128,0111,0105,0077,0066,0087,0070,0062,0059,0020,0016,0014,0057,0095,0055,0018,0063,0060,0016,0063,0101,0095,0116,0072,0067,0123,0078,0076,0065,0023,0025,0017,0059,0104,0056,0015,0074,0064,0023,0070,0082,0106,0126,0060,0061,0086,0061,0058,0051,0021,0020,0018,0069,0107,0062,0018,0069,0059,0016,0049,0096,0109,0098,0057,0065,0086
H,23162,8,00100,4,16,1015675,0115,02,1,1,,2,02,2,,100,00000,0002,040,1,0280,1,,,,,3,1,6,,,,1,2,,18,2,0100,3,4,00040000,4,,,1,1,00040000,0,4,4,4,1,5,00,02,0,0,00,011,0,0,0,2,2,1,00365,,0,1,35,0,9,9,0,0,0,0,0,0,0,0,0,0,0,0,0,0,0,0,0,0,0,0,0,0,0,0,0,0,0,0,0,0,0,0,0,0,0033,0119,0132,0127,0133,0041,0037,0204,0037,0130,0103,0211,0174,0174,0118,0099,0032,0229,0127,0039,0121,0225,0201,0035,0033,0108,0095,0098,0110,0179,0037,0109,0110,0102,0205,0033,0102,0146,0199,0126,0208,0136,0126,0098,0107,0224,0181,0035,0212,0106,0122,0038,0029,0038,0127,0120,0205,0032,0126,0228,0116,0032,0033,0173,0181,0106,0138,0111,0113,0039,0226,0134,0125,0100,0031,0199,0113,0089,0031,0107
H,23309,8,00100,4,16,1015675,0117,01,1,1,,3,02,2,,080,00000,0002,002,1,0400,1,,2,00890,2,1,1,6,,,,1,1,,21,1,0190,5,,,,,,1,6,00040000,0,4,4,4,1,2,00,,0,0,00,035,0,0,0,1,1,1,01177,3,0,1,31,,,,0,0,0,0,0,0,0,0,0,0,0,0,0,0,0,0,0,0,0,0,0,0,0,0,0,0,0,0,0,0,0,0,1,0,0117,0107,0033,0034,0118,0162,0103,0169,0038,0205,0130,0191,0127,0038,0034,0107,0203,0123,0118,0036,0218,0034,0125,0123,0032,0143,0034,0103,0109,0120,0215,0103,0210,0119,0126,0184,0117,0036,0173,0135,0112,0135,0034,0034,0125,0202,0129,0221,0034,0197,0123,0184,0098,0030,0031,0115,0199,0096,0105,0031,0226,0037,0107,0113,0034,0115,0040,0134,0118,0129,0181,0121,0200,0105,0122,0179,0110,0035,0186,0098
H,23935,8,00900,4,16,1015675,0023,04,1,2,1,3,02,2,,040,00000,0002,060,1,0360,1,,2,00600,2,1,1,9,,,,1,1,,14,4,0600,4,1,00081900,2,,,1,1,00081900,0,2,2,2,1,5,01,04,0,0,01,012,0,0,1,0,0,2,00805,3,0,1,08,3,2,1,0,0,0,0,0,0,0,0,0,0,0,1,0,0,0,0,0,0,0,0,0,0,0,0,0,0,1,0,0,0,1,0,0,0,0037,0045,0010,0009,0038,0026,0007,0042,0037,0018,0020,0007,0027,0026,0022,0023,0007,0028,0023,0020,0045,0038,0008,0008,0047,0023,0006,0051,0039,0026,0024,0007,0021,0020,0018,0022,0007,0018,0025,0021,0008,0009,0036,0040,0005,0021,0044,0007,0006,0025,0026,0038,0025,0022,0025,0030,0039,0021,0020,0031,0008,0010,0056,0035,0006,0020,0043,0007,0005,0025,0020,0040,0025,0020,0018,0024,0032,0022,0030,0016
H,24695,8,00600,4,16,1015675,0115,03,1,1,,3,02,2,,170,00000,1700,050,1,1700,1,,1,01400,1,1,1,8,,,00700,1,1,,20,2,1100,8,1,00277050,1,,,1,1,00277050,0,1,1,1,1,4,01,03,0,0,01,011,0,0,1,0,0,1,02554,2,0,1,49,2,2,1,0,0,0,0,0,0,0,0,0,0,0,0,0,0,0,0,0,0,0,0,0,0,0,0,0,0,0,0,0,0,0,0,0,0,0194,0122,0033,0036,0131,0196,0032,0193,0131,0120,0114,0114,0113,0116,0034,0190,0110,0119,0194,0117,0107,0033,0120,0119,0032,0124,0123,0117,0033,0200,0207,0195,0220,0037,0109,0114,0187,0031,0119,0194,0033,0119,0204,0192,0120,0033,0200,0033,0107,0125,0112,0111,0116,0116,0232,0037,0111,0106,0032,0120,0120,0208,0123,0118,0210,0116,0116,0108,0185,0034,0033,0032,0033,0190,0125,0111,0035,0219,0128,0032
H,24723,8,00900,4,16,1015675,0034,01,1,2,1,4,02,1,,060,00000,0002,140,1,0200,1,,2,00110,2,1,1,8,,,,1,1,,17,4,0002,7,,,,,,1,6,00025200,0,4,4,4,1,7,00,,0,0,00,020,0,0,0,1,1,1,00427,3,0,0,24,,,,0,0,0,0,0,0,0,0,0,0,0,1,0,0,0,1,0,0,0,0,0,0,0,0,0,0,0,0,0,0,0,0,0,0,0036,0009,0036,0040,0013,0042,0057,0055,0063,0042,0029,0024,0024,0033,0013,0010,0010,0042,0064,0053,0036,0010,0030,0028,0010,0040,0047,0054,0053,0026,0035,0030,0038,0045,0010,0010,0013,0038,0060,0015,0028,0044,0038,0048,0087,0038,0010,0010,0011,0047,0029,0027,0027,0038,0073,0050,0052,0032,0009,0010,0037,0063,0034,0033,0043,0033,0010,0010,0008,0032,0049,0036,0038,0045,0054,0053,0063,0035,0008,0070
H,25388,8,00800,4,16,1015675,0108,03,1,1,,2,02,2,,090,00000,0380,100,1,0380,1,,,,,3,1,5,,,,1,2,,14,2,0420,9,2,00016000,2,,,1,1,00016000,0,2,2,2,1,4,01,03,0,0,01,030,0,0,1,0,0,1,00406,,0,1,26,1,6,3,0,0,0,0,0,0,0,0,0,0,0,0,0,0,0,0,0,0,0,0,0,0,0,0,0,0,0,0,0,0,0,0,0,0,0027,0115,0200,0109,0097,0173,0093,0028,0038,0041,0094,0122,0109,0093,0116,0176,0139,0188,0099,0178,0227,0130,0040,0116,0119,0039,0097,0125,0151,0281,0113,0110,0111,0084,0082,0036,0030,0034,0134,0198,0157,0102,0034,0094,0125,0034,0093,0193,0209,0207,0109,0129,0114,0078,0101,0046,0029,0033,0131,0044,0033,0108,0191,0121,0102,0174,0079,0031,0050,0036,0095,0125,0114,0082,0092,0188,0176,0175,0094,0057
H,25650,8,00200,4,16,1015675,0296,00,1,,,2,04,,,,,,,,,1,,,,,,1,5,2,00520,,,,1,,,,9,,,,,,,,,,,,,,,,,,,,,,,,,,2,,,1,0,,,,,0,0,0,0,0,0,0,0,0,0,0,0,0,0,0,0,0,0,0,0,0,0,0,0,0,0,0,0,0,0,0,0,0,0,0284,0113,0266,0306,0378,0468,0110,0096,0438,0281,0102,0514,0517,0327,0302,0089,0307,0342,0257,0296,0330,0413,0308,0319,0097,0097,0434,0452,0092,0302,0442,0086,0107,0289,0297,0453,0268,0284,0287,0334,0355,0119,0290,0352,0448,0434,0097,0081,0453,0293,0087,0399,0427,0295,0317,0092,0326,0358,0277,0250,0320,0512,0316,0298,0102,0104,0404,0454,0100,0265,0401,0084,0106,0372,0318,0420,0260,0268,0257,0293
H,25906,8,00200,4,16,1015675,0250,01,1,,,1,04,,,060,00000,0002,003,3,0600,1,,1,00600,1,1,1,3,,,,1,1,,12,1,0300,8,,,,,,1,4,00028200,0,4,4,4,1,3,00,,0,0,00,029,0,0,0,0,0,2,00685,3,0,0,01,,,,0,0,0,0,0,0,0,0,0,0,0,1,0,0,0,0,0,0,0,0,0,0,0,0,0,0,1,0,0,0,0,0,1,0,0269,0308,0264,0254,0312,0139,0084,0267,0114,0439,0073,0423,0395,0255,0308,0315,0264,0255,0237,0178,0090,0217,0404,0075,0086,0265,0266,0406,0268,0258,0187,0291,0342,0226,0281,0097,0104,0285,0369,0112,0296,0344,0267,0267,0245,0061,0089,0302,0074,0356,0110,0317,0223,0421,0353,0258,0259,0222,0312,0264,0102,0202,0336,0075,0112,0241,0248,0412,0199,0266,0289,0238,0340,0253,0297,0111,0118,0334,0445,0082
H,26150,8,00300,4,16,1015675,0080,02,1,1,,3,02,2,,040,00000,0002,030,1,0250,1,,1,00900,1,1,1,7,,,,1,1,,16,2,0540,2,1,00073500,4,,,1,1,00073500,0,4,4,4,1,1,00,02,0,0,00,017,0,0,0,0,0,1,01015,3,0,1,20,2,4,1,0,0,0,0,0,0,0,0,0,0,0,0,0,0,0,0,0,0,0,0,0,0,0,0,0,0,0,1,0,0,0,0,0,0,0148,0098,0069,0134,0091,0021,0018,0022,0071,0099,0074,0065,0073,0135,0130,0148,0077,0026,0085,0161,0030,0092,0067,0023,0071,0173,0115,0148,0088,0073,0088,0077,0079,0024,0023,0025,0082,0142,0068,0021,0127,0079,0096,0167,0073,0021,0020,0027,0066,0071,0079,0095,0061,0120,0142,0153,0115,0026,0070,0114,0028,0078,0095,0023,0080,0143,0145,0153,0059,0077,0082,0088,0083,0028,0026,0026,0074,0132,0078,0028
H,26253,8,00200,4,16,1015675,0074,02,1,2,1,2,02,2,,200,00000,0002,003,6,0670,1,,1,01100,1,1,1,5,,,,1,1,,18,2,0002,3,4,00042500,4,,,1,1,00042500,0,4,4,4,1,1,00,02,0,0,00,037,0,0,0,2,2,2,01300,3,0,1,20,1,6,9,0,0,0,0,0,0,0,0,0,0,0,0,0,0,0,0,0,0,0,0,0,0,0,0,0,0,0,0,0,0,0,0,0,0,0098,0022,0024,0065,0080,0112,0075,0091,0082,0080,0114,0068,0080,0029,0022,0118,0129,0019,0066,0085,0103,0019,0030,0077,0079,0124,0067,0077,0079,0074,0118,0078,0071,0028,0026,0115,0115,0017,0068,0070,0024,0121,0109,0071,0089,0026,0059,0062,0077,0066,0026,0093,0075,0130,0137,0016,0021,0120,0063,0068,0022,0155,0142,0080,0070,0020,0080,0064,0067,0078,0024,0071,0066,0157,0124,0021,0022,0119,0072,0058
H,26611,8,00300,4,16,1015675,0073,01,1,1,,3,02,2,,050,00000,0300,030,1,0600,1,,1,01100,1,1,1,6,,,,1,1,,18,1,0370,3,,,,,,1,6,00070000,0,4,4,4,1,3,00,,0,0,00,021,0,0,0,0,0,1,01236,3,0,1,33,,,,0,0,0,0,0,0,0,0,1,0,0,0,0,0,0,0,0,0,0,0,0,0,0,0,0,0,0,0,0,0,0,0,0,0,0019,0129,0118,0111,0168,0024,0074,0070,0126,0029,0074,0060,0023,0080,0073,0018,0078,0071,0068,0066,0023,0133,0144,0131,0127,0024,0070,0072,0122,0023,0066,0068,0023,0076,0092,0023,0073,0071,0074,0081,0151,0020,0021,0025,0021,0108,0085,0085,0026,0130,0070,0064,0129,0067,0071,0101,0065,0067,0083,0091,0119,0019,0020,0019,0029,0121,0072,0086,0023,0129,0078,0069,0140,0062,0076,0127,0071,0074,0066,0074
H,26656,8,00900,4,16,1015675,0000,01,2,,,,,,,,01800,,,,,,,,,,,,,,,,,,,,,,,,,,,,,,,,,,,,5,,,,,,,,,,,,,,,,,,,,,,,,,,,,0,,,,,,,,,,,,,,,,,,,,,,,,,,,0000,0000,0000,0000,0000,0000,0000,0000,0000,0000,0000,0000,0000,0000,0000,0000,0000,0000,0000,0000,0000,0000,0000,0000,0000,0000,0000,0000,0000,0000,0000,0000,0000,0000,0000,0000,0000,0000,0000,0000,0000,0000,0000,0000,0000,0000,0000,0000,0000,0000,0000,0000,0000,0000,0000,0000,0000,0000,0000,0000,0000,0000,0000,0000,0000,0000,0000,0000,0000,0000,0000,0000,0000,0000,0000,0000,0000,0000,0000,0000
H,26840,8,00800,4,16,1015675,0000,01,2,,,,,,,,00000,,,,,,,,,,,,,,,,,,,,,,,,,,,,,,,,,,,,5,,,,,,,,,,,,,,,,,,,,,,,,,,,,0,,,,,,,,,,,,,,,,,,,,,,,,,,,0000,0000,0000,0000,0000,0000,0000,0000,0000,0000,0000,0000,0000,0000,0000,0000,0000,0000,0000,0000,0000,0000,0000,0000,0000,0000,0000,0000,0000,0000,0000,0000,0000,0000,0000,0000,0000,0000,0000,0000,0000,0000,0000,0000,0000,0000,0000,0000,0000,0000,0000,0000,0000,0000,0000,0000,0000,0000,0000,0000,0000,0000,0000,0000,0000,0000,0000,0000,0000,0000,0000,0000,0000,0000,0000,0000,0000,0000,0000,0000
H,26962,8,00500,4,16,1015675,0183,06,1,1,,3,02,2,,060,00000,0002,060,1,,1,,,,,,1,5,2,00730,,1,3,,,2,0420,3,2,00042300,3,0885,025,1,1,00042300,0,3,3,3,1,4,04,06,0,0,04,,0,0,1,0,0,1,,,1,0,,1,3,3,0,0,0,0,0,0,0,0,0,0,0,0,0,0,0,0,0,0,0,0,0,0,0,0,0,0,0,0,0,0,0,0,0,0,0058,0045,0202,0367,0072,0292,0170,0191,0187,0179,0186,0206,0057,0277,0181,0187,0312,0300,0193,0177,0180,0163,0330,0186,0224,0210,0279,0047,0062,0069,0049,0322,0179,0145,0049,0284,0160,0183,0291,0330,0265,0311,0156,0047,0300,0050,0182,0204,0203,0155,0194,0188,0323,0058,0179,0179,0055,0050,0167,0175,0202,0190,0058,0189,0169,0200,0063,0290,0313,0288,0341,0055,0207,0169,0331,0065,0206,0159,0051,0054
H,27065,8,00700,4,16,1015675,0000,01,2,,,,,,,,00000,,,,,,,,,,,,,,,,,,,,,,,,,,,,,,,,,,,,5,,,,,,,,,,,,,,,,,,,,,,,,,,,,0,,,,,,,,,,,,,,,,,,,,,,,,,,,0000,0000,0000,0000,0000,0000,0000,0000,0000,0000,0000,0000,0000,0000,0000,0000,0000,0000,0000,0000,0000,0000,0000,0000,0000,0000,0000,0000,0000,0000,0000,0000,0000,0000,0000,0000,0000,0000,0000,0000,0000,0000,0000,0000,0000,0000,0000,0000,0000,0000,0000,0000,0000,0000,0000,0000,0000,0000,0000,0000,0000,0000,0000,0000,0000,0000,0000,0000,0000,0000,0000,0000,0000,0000,0000,0000,0000,0000,0000,0000
H,27085,8,00600,4,16,1015675,0107,03,1,1,,4,02,2,,040,00000,0190,020,1,0430,1,,1,00800,1,1,1,8,,,,1,1,,17,3,0520,5,1,00064000,2,,,1,1,00064000,0,2,2,2,1,5,01,03,0,0,01,017,0,0,1,0,0,1,00919,3,0,1,25,3,1,1,0,0,0,0,0,0,0,0,0,0,0,0,0,0,0,0,0,0,0,0,0,0,0,0,0,0,0,0,0,0,0,0,0,0,0191,0112,0173,0030,0096,0195,0213,0100,0107,0096,0109,0104,0031,0097,0170,0035,0104,0029,0112,0029,0193,0112,0187,0033,0103,0182,0210,0110,0099,0117,0103,0102,0030,0107,0192,0035,0111,0032,0112,0183,0029,0098,0034,0196,0108,0032,0030,0118,0100,0109,0105,0107,0164,0109,0033,0188,0100,0168,0115,0193,0030,0104,0037,0182,0111,0037,0029,0103,0120,0107,0111,0109,0174,0098,0030,0179,0109,0180,0124,0030
H,27268,8,00800,4,16,1015675,0088,02,1,1,,2,02,2,,090,00000,1500,003,4,0900,1,,,,,3,1,5,,,,1,2,,17,2,1000,7,4,00074700,4,,,1,1,00074700,0,4,4,4,1,7,00,02,0,0,00,008,0,0,0,2,2,1,00473,,0,1,24,0,9,9,0,0,0,0,0,0,0,0,0,0,0,0,0,0,0,0,0,0,0,0,0,0,0,0,0,0,0,0,0,0,0,0,0,0,0090,0025,0092,0158,0089,0091,0096,0160,0097,0156,0028,0090,0020,0079,0098,0081,0024,0032,0178,0079,0024,0075,0139,0101,0156,0141,0025,0085,0027,0097,0090,0024,0083,0030,0152,0142,0105,0084,0096,0209,0094,0027,0102,0161,0078,0088,0069,0138,0089,0168,0024,0090,0028,0091,0073,0092,0026,0028,0146,0078,0027,0103,0166,0078,0130,0147,0023,0092,0028,0098,0098,0024,0087,0027,0130,0146,0084,0087,0082,0119
H,27294,8,00100,4,16,1015675,0295,01,1,,,2,07,,,040,00000,0002,003,3,,1,,,,,,1,3,2,00530,,1,3,,,1,0001,2,,,,0570,027,1,6,00025000,0,4,4,4,1,1,00,,0,0,00,,0,0,0,0,0,2,,,1,0,,,,,0,0,0,0,0,0,0,0,0,0,0,0,0,0,0,0,0,0,0,0,0,0,0,0,0,0,0,0,0,0,0,0,0,0,0401,0330,0265,0460,0253,0085,0095,0097,0256,0377,0258,0288,0298,0533,0422,0492,0348,0100,0299,0093,0555,0300,0328,0431,0288,0085,0085,0091,0359,0295,0251,0340,0324,0478,0475,0531,0316,0078,0274,0499,0113,0277,0301,0088,0340,0531,0499,0500,0316,0320,0243,0265,0348,0096,0092,0084,0330,0433,0247,0450,0073,0346,0287,0093,0306,0409,0449,0567,0304,0294,0315,0293,0254,0107,0089,0108,0273,0477,0272,0085
H,27348,8,00700,4,16,1015675,0027,04,1,1,,3,02,2,,100,00000,0002,050,1,0300,1,,1,00740,1,1,1,7,,,00500,1,1,,18,3,0600,3,1,00033650,2,,,1,1,00033650,0,2,2,2,1,4,02,04,0,0,02,051,0,0,1,0,0,1,01440,2,0,1,25,2,2,1,0,0,0,0,0,0,0,1,0,0,0,0,0,0,0,0,0,0,0,0,0,0,0,0,0,0,0,0,0,0,0,0,0,0,0007,0044,0027,0028,0027,0008,0050,0027,0029,0008,0028,0010,0008,0048,0050,0027,0028,0026,0026,0048,0007,0049,0026,0027,0027,0007,0048,0029,0029,0009,0030,0009,0009,0047,0047,0030,0027,0026,0027,0007,0046,0008,0029,0030,0027,0045,0008,0026,0029,0046,0024,0050,0051,0007,0008,0026,0027,0028,0029,0008,0051,0008,0027,0029,0027,0047,0007,0027,0027,0045,0029,0047,0046,0008,0007,0023,0030,0030,0026,0044
H,27390,8,00800,4,16,1015675,0042,04,1,1,,3,02,2,,070,00000,0002,003,3,0580,1,,1,00620,1,1,1,5,,,00190,1,1,,12,3,0050,5,1,00047000,3,,,1,1,00047000,0,1,1,1,1,1,02,04,0,0,02,023,0,0,1,0,0,1,00884,1,0,1,25,2,1,1,0,0,0,0,0,0,0,0,0,0,0,0,0,0,0,0,0,0,0,0,0,0,0,0,0,0,0,0,0,0,0,0,0,0,0048,0083,0014,0086,0046,0039,0051,0050,0044,0063,0010,0059,0039,0047,0065,0066,0053,0012,0014,0043,0010,0042,0037,0044,0012,0057,0078,0060,0103,0014,0039,0041,0069,0012,0036,0045,0012,0042,0053,0078,0038,0012,0061,0011,0036,0035,0039,0052,0055,0037,0057,0014,0034,0048,0014,0015,0039,0071,0128,0071,0076,0047,0048,0049,0055,0010,0015,0019,0012,0082,0040,0055,0012,0076,0042,0037,0091,0036,0041,0017
H,27912,8,00300,4,16,1015675,0083,07,1,1,,1,02,2,,070,00300,0002,003,3,,1,,,,,,1,4,2,00250,,2,3,,,5,0400,9,8,00008000,2,0353,022,1,3,00019300,0,2,2,2,1,4,02,05,0,1,02,,3,0,1,0,0,1,,,1,0,,3,14,15,0,0,0,0,0,0,0,0,0,0,0,0,0,0,0,0,0,0,0,0,0,0,0,0,0,0,0,0,0,0,0,0,0,0,0101,0149,0024,0144,0139,0087,0082,0027,0028,0137,0077,0088,0082,0120,0084,0078,0102,0021,0066,0096,0161,0066,0106,0073,0084,0025,0021,0085,0080,0101,0021,0122,0024,0080,0166,0137,0128,0072,0027,0025,0062,0149,0023,0157,0178,0090,0088,0025,0021,0133,0079,0076,0074,0122,0077,0100,0074,0023,0084,0087,0132,0073,0064,0082,0094,0023,0030,0076,0080,0081,0029,0127,0028,0090,0129,0141,0122,0118,0027,0025
H,27927,8,00700,4,16,1015675,0065,04,1,1,,4,02,2,,140,00000,0002,100,1,0400,1,,1,01000,1,1,1,5,,,00190,1,1,,17,1,0040,2,8,00047240,4,,,1,3,00047240,0,4,4,4,1,2,00,04,0,0,00,036,0,1,0,2,1,1,01433,2,0,1,20,2,14,15,0,0,0,0,0,0,0,0,0,0,0,0,0,0,0,0,0,0,0,0,0,0,0,0,0,0,0,0,0,0,0,0,0,0,0019,0060,0018,0060,0064,0109,0068,0119,0073,0116,0065,0073,0018,0064,0072,0019,0105,0108,0020,0112,0067,0108,0066,0020,0109,0061,0120,0074,0018,0070,0022,0108,0063,0019,0018,0057,0063,0065,0077,0065,0021,0070,0017,0064,0064,0107,0065,0095,0069,0109,0064,0068,0021,0070,0062,0018,0126,0112,0021,0109,0062,0121,0061,0018,0112,0060,0115,0064,0018,0068,0018,0118,0063,0019,0018,0072,0061,0067,0069,0064
H,28426,8,00200,4,16,1015675,0046,03,1,1,,2,02,2,,150,00000,0002,003,3,,1,,,,,,1,4,2,00350,,1,3,,,2,0002,5,5,00009000,4,0500,034,1,2,00017500,0,4,4,4,1,1,00,02,0,1,00,,0,0,0,0,0,2,,,1,0,,1,10,10,0,0,0,0,0,0,0,0,0,0,0,0,0,0,0,0,0,0,0,0,0,0,0,0,0,0,0,0,0,0,0,0,0,0,0040,0050,0048,0038,0048,0014,0015,0017,0053,0091,0048,0015,0032,0037,0020,0049,0065,0086,0097,0069,0044,0060,0049,0047,0049,0011,0014,0012,0039,0079,0083,0021,0048,0050,0010,0053,0113,0082,0087,0094,0053,0044,0053,0067,0044,0026,0018,0014,0052,0083,0041,0015,0043,0045,0014,0061,0118,0077,0068,0083,0030,0054,0054,0039,0062,0014,0013,0010,0060,0082,0035,0011,0037,0053,0018,0044,0064,0080,0099,0051
H,28456,8,00800,4,16,1015675,0125,02,1,2,1,3,02,1,,090,00000,0002,003,3,0330,1,,2,00620,2,1,1,7,,,,1,1,,18,2,0002,2,1,00066500,4,,,1,1,00066500,0,4,4,4,1,3,00,02,0,0,00,015,0,0,0,0,0,1,00838,3,0,0,24,2,1,1,0,0,0,0,0,0,0,0,0,0,0,1,0,0,0,0,0,0,0,0,0,0,0,0,0,0,0,0,0,0,0,0,0,0,0225,0129,0037,0140,0186,0124,0133,0197,0121,0039,0031,0034,0133,0136,0111,0110,0131,0236,0220,0038,0185,0148,0029,0126,0260,0097,0129,0193,0151,0046,0038,0043,0141,0124,0098,0132,0097,0246,0261,0036,0200,0122,0029,0114,0166,0091,0102,0246,0182,0043,0031,0044,0087,0133,0154,0138,0113,0201,0343,0047,0192,0132,0045,0121,0170,0116,0128,0262,0122,0040,0032,0039,0129,0121,0118,0127,0163,0239,0229,0042
H,28990,8,00700,4,16,1015675,0134,02,1,1,,4,02,2,,040,00000,0002,150,1,0500,1,,2,01700,2,1,1,8,,,00100,1,1,,21,2,0490,3,1,00135000,4,,,1,1,00135000,0,4,4,4,1,4,00,02,0,0,00,021,0,0,0,0,0,2,02340,2,0,1,44,2,1,1,0,0,0,0,0,0,0,0,0,0,0,0,0,0,0,0,0,0,0,0,0,0,0,0,0,0,0,0,0,0,0,0,0,0,0043,0037,0239,0123,0143,0047,0223,0135,0150,0222,0136,0127,0230,0118,0146,0131,0222,0047,0037,0130,0040,0038,0225,0145,0130,0041,0233,0143,0141,0232,0134,0122,0232,0140,0127,0133,0207,0038,0041,0114,0039,0046,0235,0137,0142,0036,0238,0133,0130,0271,0136,0138,0216,0128,0141,0141,0226,0034,0039,0141,0041,0036,0247,0134,0137,0037,0225,0142,0127,0233,0133,0122,0216,0138,0137,0135,0242,0042,0044,0139
H,29262,8,00400,4,16,1015675,0162,00,1,1,,3,02,2,,,,,,,,1,,,,,,1,6,,,,,,5,,,,3,,,,,,,,,,,,,,,,,,,,,,,,,,2,,,0,0,,,,,0,0,1,0,0,0,0,0,0,0,0,0,0,0,0,0,0,0,0,0,1,0,0,0,0,0,0,0,0,0,0,0,0,1,0240,0167,0046,0186,0351,0191,0142,0263,0152,0044,0053,0042,0150,0177,0153,0167,0180,0300,0253,0051,0226,0177,0050,0158,0352,0164,0148,0344,0177,0047,0054,0048,0142,0145,0135,0181,0171,0264,0286,0049,0241,0153,0051,0216,0227,0160,0187,0227,0148,0040,0051,0051,0141,0188,0184,0158,0168,0285,0257,0044,0268,0170,0049,0179,0326,0146,0141,0294,0144,0059,0064,0052,0170,0151,0132,0163,0167,0261,0254,0038
H,29495,8,00100,4,16,1015675,0034,02,1,2,1,3,02,2,,410,00000,0002,003,3,,1,,,,,,1,5,2,00820,,1,3,,,2,0002,4,8,00007800,4,1230,101,1,3,00007800,0,4,4,4,1,1,00,02,0,0,00,,0,0,0,0,0,1,,,1,0,,1,15,15,0,0,0,0,0,0,0,0,1,1,0,0,0,0,0,0,0,0,0,0,0,0,0,0,0,0,0,0,0,0,0,0,1,1,0068,0009,0028,0056,0010,0011,0032,0034,0050,0028,0049,0032,0032,0064,0029,0037,0010,0007,0067,0029,0049,0009,0037,0050,0010,0009,0034,0033,0052,0028,0032,0035,0038,0054,0041,0033,0009,0012,0060,0048,0011,0052,0025,0008,0061,0064,0037,0036,0011,0031,0047,0038,0027,0008,0025,0031,0061,0045,0010,0035,0007,0069,0036,0008,0057,0054,0031,0034,0007,0028,0036,0037,0036,0011,0029,0028,0056,0068,0010,0044
H,29982,8,00100,4,16,1015675,0022,01,1,1,,2,01,2,,040,01600,0600,003,6,,1,,,,,,1,4,2,00150,,1,3,,,0,0001,5,,,,0240,096,1,6,00003000,0,4,4,4,1,5,00,,0,0,00,,0,0,0,0,0,1,,,1,0,,,,,0,0,0,0,0,0,0,0,0,0,0,0,0,0,0,0,0,0,0,0,0,0,0,0,0,0,0,0,0,0,0,0,0,0,0021,0030,0029,0037,0019,0029,0027,0006,0020,0007,0026,0020,0007,0025,0032,0005,0007,0034,0022,0007,0021,0005,0019,0007,0028,0024,0018,0034,0021,0029,0019,0020,0039,0024,0005,0027,0039,0008,0022,0007,0026,0007,0018,0005,0022,0021,0018,0047,0020,0027,0021,0025,0039,0022,0007,0032,0039,0007,0022,0036,0025,0042,0022,0037,0019,0021,0020,0007,0022,0005,0021,0025,0009,0026,0041,0006,0007,0041,0020,0034
H,30123,8,00800,4,16,1015675,0083,02,1,3,1,4,02,2,,130,00000,0100,003,8,0510,1,,,,,3,1,7,,,,1,2,,17,3,0002,3,4,00035304,4,,,1,1,00035304,0,4,4,4,1,5,00,02,0,0,00,008,0,0,0,2,0,1,00232,,0,0,14,0,9,9,0,0,0,0,0,0,0,0,0,0,0,0,0,0,0,0,0,0,0,0,0,0,0,0,0,0,0,0,0,0,0,0,0,0,0142,0159,0128,0094,0027,0092,0127,0071,0108,0152,0066,0027,0025,0020,0073,0071,0072,0077,0093,0142,0026,0027,0024,0086,0147,0079,0027,0099,0093,0029,0077,0143,0109,0158,0089,0077,0087,0071,0089,0150,0022,0024,0025,0081,0141,0076,0023,0094,0079,0029,0079,0169,0142,0159,0085,0083,0094,0074,0084,0024,0121,0132,0145,0076,0023,0082,0148,0071,0079,0125,0082,0028,0028,0024,0090,0091,0077,0084,0091,0026
H,30346,8,00400,4,16,1015675,0120,04,1,3,6,3,02,2,,150,00000,0002,003,3,0600,1,,1,01400,1,1,1,5,,,,1,1,,20,2,0002,3,1,00062600,2,,,3,1,00062600,0,2,2,2,1,1,02,04,0,0,02,030,0,0,1,0,0,1,01550,3,0,0,24,2,1,1,0,0,0,0,0,0,0,0,0,0,0,0,0,0,0,0,0,0,0,0,1,0,0,0,0,0,0,0,0,0,0,0,0,0,0040,0137,0142,0226,0155,0115,0096,0130,0160,0151,0089,0046,0033,0185,0200,0031,0114,0303,0059,0167,0179,0160,0143,0025,0135,0095,0097,0095,0026,0100,0110,0254,0244,0033,0037,0239,0075,0026,0284,0098,0195,0121,0126,0042,0180,0130,0093,0152,0035,0128,0076,0231,0202,0041,0032,0166,0148,0046,0210,0142,0034,0225,0168,0126,0119,0100,0124,0150,0129,0116,0096,0029,0041,0202,0187,0051,0083,0158,0042,0112
H,30605,8,00200,4,16,1015675,0072,04,1,2,1,3,02,2,,090,00000,0002,020,2,0700,1,,1,00740,1,1,1,5,,,00200,1,1,,16,1,0002,3,1,00073900,2,,,1,1,00073900,0,2,2,2,1,4,01,04,0,0,01,017,0,0,1,0,0,1,01050,2,0,1,62,3,2,1,0,0,0,0,0,0,0,0,0,0,0,0,0,0,0,0,0,0,0,0,1,0,0,0,0,0,0,0,0,0,0,0,0,0,0057,0094,0139,0117,0126,0079,0021,0063,0108,0073,0065,0143,0082,0030,0025,0026,0085,0073,0061,0017,0051,0068,0131,0093,0133,0071,0018,0071,0122,0064,0095,0168,0068,0024,0020,0017,0083,0061,0061,0023,0069,0073,0107,0134,0167,0096,0018,0074,0127,0070,0063,0108,0080,0029,0024,0020,0072,0068,0066,0025,0064,0073,0115,0121,0134,0081,0023,0071,0131,0056,0066,0108,0069,0021,0023,0025,0064,0054,0059,0028
H,30679,8,00500,4,16,1015675,0072,02,1,1,,2,02,2,,050,00000,0550,003,4,0410,1,,1,00340,1,1,1,5,,,,1,1,,09,2,0740,9,7,00051000,4,,,1,3,00051000,0,4,4,4,1,5,00,02,0,0,00,012,0,0,0,1,1,1,00498,3,0,1,19,2,14,13,0,0,0,0,0,0,0,0,0,0,0,0,0,0,0,0,0,0,0,0,0,0,0,0,0,0,0,0,0,0,0,0,0,0,0070,0022,0128,0073,0022,0021,0083,0070,0084,0060,0072,0141,0075,0022,0116,0068,0126,0076,0024,0019,0068,0149,0021,0077,0132,0119,0081,0073,0067,0070,0066,0021,0076,0115,0021,0075,0019,0075,0122,0020,0085,0133,0021,0069,0141,0114,0071,0063,0075,0063,0074,0021,0077,0113,0018,0065,0022,0069,0139,0144,0070,0023,0157,0098,0021,0022,0067,0080,0064,0073,0079,0130,0066,0023,0121,0077,0117,0068,0022,0142
H,30833,8,00600,4,16,1015675,0100,01,1,1,,3,02,2,,040,00000,0002,090,1,0440,1,,1,00820,1,1,1,5,,,,1,1,,18,1,0650,3,,,,,,1,6,00058000,0,4,4,4,1,5,00,,0,0,00,021,0,0,0,0,0,1,01004,3,0,1,47,,,,0,0,0,0,0,0,0,0,0,0,0,0,0,0,0,0,0,0,0,0,0,0,0,0,0,0,0,0,0,0,0,0,0,0,0105,0030,0031,0177,0159,0030,0101,0161,0027,0029,0104,0098,0177,0105,0091,0098,0109,0174,0098,0107,0092,0028,0028,0169,0150,0030,0102,0169,0027,0028,0103,0114,0177,0103,0110,0104,0100,0165,0098,0114,0099,0174,0177,0029,0030,0172,0099,0029,0172,0183,0094,0109,0028,0092,0103,0096,0095,0028,0099,0096,0098,0180,0166,0032,0028,0161,0097,0029,0179,0182,0100,0096,0031,0112,0101,0106,0100,0030,0097,0100
H,30993,8,00300,4,16,1015675,0027,02,1,1,,4,02,2,,150,00000,0002,060,1,0900,1,,1,00850,1,1,1,7,,,00850,1,1,,16,2,0140,3,1,00052000,4,,,1,1,00052000,0,4,4,4,1,5,00,02,0,0,00,044,0,0,0,0,0,1,01922,1,0,1,25,2,2,1,0,0,0,0,0,0,0,0,0,0,0,0,0,0,0,0,0,0,0,0,1,0,0,0,0,0,0,0,0,0,0,0,0,0,0024,0010,0036,0051,0029,0020,0025,0006,0026,0049,0029,0052,0045,0008,0025,0006,0031,0030,0010,0027,0024,0008,0048,0057,0025,0033,0033,0005,0026,0045,0028,0045,0056,0010,0028,0008,0022,0031,0011,0030,0038,0053,0008,0008,0029,0028,0024,0056,0031,0007,0026,0008,0009,0039,0031,0047,0028,0021,0038,0030,0029,0043,0008,0005,0027,0033,0027,0047,0025,0007,0032,0008,0010,0041,0032,0041,0026,0027,0044,0026
H,31115,8,00900,4,16,1015675,0036,02,1,1,,3,02,1,,080,00000,0002,100,2,0800,1,,2,01000,2,1,1,6,,,,1,1,,16,2,0620,9,2,00098000,4,,,1,1,00098000,0,4,4,4,1,4,00,02,0,0,00,017,0,0,0,0,0,2,01357,3,0,0,16,2,2,3,0,0,0,0,0,0,0,0,0,0,0,0,0,0,0,0,0,0,0,0,0,0,0,0,0,0,0,0,0,0,0,0,0,0,0038,0054,0012,0035,0035,0031,0045,0010,0021,0035,0067,0078,0012,0010,0059,0031,0010,0075,0069,0027,0039,0042,0010,0039,0040,0035,0043,0010,0036,0028,0053,0067,0011,0011,0067,0042,0010,0053,0061,0043,0044,0047,0011,0036,0038,0041,0033,0011,0033,0040,0078,0073,0011,0009,0047,0034,0010,0058,0063,0037,0028,0038,0013,0041,0032,0033,0044,0010,0041,0033,0057,0058,0012,0012,0075,0033,0008,0063,0052,0037
H,31211,8,00900,4,16,1015675,0086,06,1,1,,3,02,2,,050,00000,0300,030,1,0500,1,,1,